reeval_rank,original_rank,sample_id,repeat_idx,coarse_J,reeval_J,valid,failure_reason,terrain_master_seed,mc_base_seed,n_events,n_seeds,layout_json,flat_J_t,flat_mean_err,flat_median_err,flat_p95_err,flat_valid_rate,flat_dgeom,flat_usable_event_rate,hill_J_t,hill_mean_err,hill_median_err,hill_p95_err,hill_valid_rate,hill_dgeom,hill_usable_event_rate,rough_J_t,rough_mean_err,rough_median_err,rough_p95_err,rough_valid_rate,rough_dgeom,rough_usable_event_rate
1,46,4962,1,0.0936874556586487,0.10183643958701502,True,,310001,910001,100,5,"[[0.19113239063291457, 0.6680805610988734], [0.7191279415887656, 0.9604629924011301], [0.5448477614178856, 0.3234408065447684], [0.41974362115846947, 0.06925196901130075], [0.5709411800725394, 0.8644636930538875], [0.6170302276211241, 0.5743293278436381], [0.5856242473572258, 0.46594695737987385], [0.3322567929343144, 0.422664786953509]]",0.055745158121317494,0.005173615029136718,0.0021508445576021115,0.011056771194019937,0.666,0.0,0.666,0.12241487695155226,0.0052785389635906545,0.0021989090520335417,0.01131822605270807,0.652,0.6444406660212405,0.652,0.10677084632363808,0.005417409381112603,0.002227241522027995,0.014339939548236796,0.6500000000000001,0.4753103023766639,0.6500000000000001
1,46,4962,2,0.0936874556586487,0.10828114395289114,True,,410004,1010004,100,5,"[[0.19113239063291457, 0.6680805610988734], [0.7191279415887656, 0.9604629924011301], [0.5448477614178856, 0.3234408065447684], [0.41974362115846947, 0.06925196901130075], [0.5709411800725394, 0.8644636930538875], [0.6170302276211241, 0.5743293278436381], [0.5856242473572258, 0.46594695737987385], [0.3322567929343144, 0.422664786953509]]",0.06167802579154304,0.006158482238042104,0.0025237557086921466,0.022355695948080324,0.652,0.0,0.652,0.1342934475039898,0.006407477015259767,0.0026271054525267867,0.01136784056321934,0.6419999999999999,0.7429973067815707,0.6419999999999999,0.10285965501204195,0.007556035112216903,0.0025438162630101145,0.011402383657113562,0.6399999999999999,0.42038724114410264,0.6399999999999999
2,26,2966,1,0.0905254617829553,0.10166637285574473,True,,310001,910001,100,5,"[[0.5025420556712911, 0.403220067875347], [0.8062626939230776, 0.15479428812966536], [0.728864920027161, 0.3633710879844952], [0.3788557333026085, 0.9474072140388579], [0.604875155226743, 0.6495615430261206], [0.8254599247484737, 0.5327158088758711], [0.5552286353002276, 0.8585115837441882], [0.14167078313034873, 0.641889580821068]]",0.05892615272003293,0.0024574243170513202,0.0019101190631800173,0.0057343725911994615,0.626,0.0,0.626,0.11298121937773004,0.0027602881828608554,0.0020292749558716073,0.006984067132604306,0.626,0.5354386955566135,0.626,0.11737905966260798,0.0027806776277157835,0.0021195325144208435,0.006622606794816771,0.622,0.5744097269169084,0.622
2,26,2966,2,0.0905254617829553,0.11087872995644178,True,,410004,1010004,100,5,"[[0.5025420556712911, 0.403220067875347], [0.8062626939230776, 0.15479428812966536], [0.728864920027161, 0.3633710879844952], [0.3788557333026085, 0.9474072140388579], [0.604875155226743, 0.6495615430261206], [0.8254599247484737, 0.5327158088758711], [0.5552286353002276, 0.8585115837441882], [0.14167078313034873, 0.641889580821068]]",0.0625792592613398,0.003426402388457156,0.0021740933308516037,0.00845792728844692,0.61,0.0,0.61,0.13279372094429087,0.004243747905656946,0.002279085523905328,0.009103014402150578,0.604,0.6875313006610005,0.604,0.11534821867584559,0.004248959615232227,0.002340058171649014,0.009470269211607518,0.5959999999999999,0.49995106085508817,0.5959999999999999
3,15,4556,1,0.0881663116754875,0.1028540850573304,True,,310001,910001,100,5,"[[0.8058650076995835, 0.7327996451625162], [0.8245386420456805, 0.5688880332680509], [0.868408841420382, 0.4489243809161878], [0.3775913514057404, 0.7586289461780319], [0.6035851592478568, 0.45365815665109455], [0.5237703257074443, 0.13184975267998064], [0.27402240984551224, 0.7595516212612548], [0.5823921029219, 0.6313693974639524]]",0.06115734528481194,0.00636589234918606,0.0026164972739128817,0.01730897909226074,0.646,0.0,0.646,0.11592151127758096,0.007832802770736266,0.00267593281084274,0.018063962042936192,0.63,0.5147756141786878,0.63,0.11716874183346435,0.0072701414047337725,0.0026738660182294436,0.01746791454406964,0.6300000000000001,0.5315680383811328,0.6300000000000001
3,15,4556,2,0.0881663116754875,0.11457856071946226,True,,410004,1010004,100,5,"[[0.8058650076995835, 0.7327996451625162], [0.8245386420456805, 0.5688880332680509], [0.868408841420382, 0.4489243809161878], [0.3775913514057404, 0.7586289461780319], [0.6035851592478568, 0.45365815665109455], [0.5237703257074443, 0.13184975267998064], [0.27402240984551224, 0.7595516212612548], [0.5823921029219, 0.6313693974639524]]",0.06853514011378815,0.007134983219711092,0.0028079235504274666,0.026747992216393894,0.618,0.0,0.618,0.1385339996477023,0.008544263852784178,0.0029420840480317892,0.02641881034961337,0.6060000000000001,0.6766343780906542,0.6060000000000001,0.11271110346865634,0.007291485550016847,0.002988365954833855,0.016847401615016733,0.616,0.46775714486643755,0.616
4,32,712,1,0.0918806006138034,0.10418725050030417,True,,310001,910001,100,5,"[[0.5368539418674692, 0.648365663397414], [0.0778087967927921, 0.6609908325706138], [0.2922405664378724, 0.9017734596267976], [0.6825665725454289, 0.9533706197517913], [0.7416076004088679, 0.5713628364517738], [0.7390661951992631, 0.33306586648280073], [0.20844230681961368, 0.37979991990477574], [0.7390662960864613, 0.6961333795887689]]",0.06962893574607187,0.008419526665883411,0.0021880213922127667,0.02646716248808113,0.614,0.0,0.614,0.11310849258731157,0.0054471430649613364,0.0021987278995576885,0.00900656830140127,0.598,0.4765530771765857,0.598,0.11700578683391662,0.006929844177845876,0.0022341135032211057,0.008941643136875671,0.6,0.5120486401282327,0.6
4,32,712,2,0.0918806006138034,0.11426269945483017,True,,410004,1010004,100,5,"[[0.5368539418674692, 0.648365663397414], [0.0778087967927921, 0.6609908325706138], [0.2922405664378724, 0.9017734596267976], [0.6825665725454289, 0.9533706197517913], [0.7416076004088679, 0.5713628364517738], [0.7390661951992631, 0.33306586648280073], [0.20844230681961368, 0.37979991990477574], [0.7390662960864613, 0.6961333795887689]]",0.0745202692514453,0.010294335688459643,0.002219654238362391,0.023959393972128228,0.5820000000000001,0.0,0.5820000000000001,0.13079318674763954,0.006748097790772689,0.002233747737399308,0.01285045215208681,0.568,0.5910140709616578,0.568,0.12094415507259626,0.007760719973484334,0.0022302560832624437,0.016147640625663488,0.572,0.4840753889682924,0.572
5,14,3264,1,0.088077896288145,0.10541459698932609,True,,310001,910001,100,5,"[[0.41137079933479703, 0.2508190998379826], [0.5531788544205135, 0.6644592555286525], [0.6393529409332186, 0.4412756387397377], [0.32982656167194324, 0.8718396165928567], [0.7764714221460758, 0.32540632865164926], [0.13625769151139577, 0.6596508083735163], [0.7479724009498038, 0.7200908606853091], [0.410981939940498, 0.9102460590248351]]",0.06786383809633938,0.010195069107648327,0.002178131304179072,0.02692018999299206,0.6319999999999999,0.0,0.6319999999999999,0.1164538632602011,0.008341663498728268,0.002192051252880387,0.01523025909615446,0.612,0.49931036956927033,0.612,0.11867034330038194,0.007556797611285247,0.0021972808228514933,0.01162846662487799,0.62,0.5478124438784018,0.62
5,14,3264,2,0.088077896288145,0.11380844020710659,True,,410004,1010004,100,5,"[[0.41137079933479703, 0.2508190998379826], [0.5531788544205135, 0.6644592555286525], [0.6393529409332186, 0.4412756387397377], [0.32982656167194324, 0.8718396165928567], [0.7764714221460758, 0.32540632865164926], [0.13625769151139577, 0.6596508083735163], [0.7479724009498038, 0.7200908606853091], [0.410981939940498, 0.9102460590248351]]",0.06798585430941173,0.006979969865738114,0.00230874207975142,0.0241495595660986,0.616,0.0,0.616,0.13384748183939044,0.008078897583498775,0.002434212658470073,0.02044770558760689,0.606,0.649776662505339,0.606,0.11955294284023374,0.005148725845389128,0.0023905059180546347,0.01023969538737469,0.604,0.5476410759359622,0.604
6,44,4307,1,0.0935681085542525,0.10427449904359769,True,,310001,910001,100,5,"[[0.9496885441050926, 0.49558305216819926], [0.84101552447093, 0.7991946472874266], [0.6477004110868886, 0.3442992408576916], [0.5802328699539193, 0.46270199427951064], [0.80802406154924, 0.08360580374925061], [0.06902304024393117, 0.21670210530255643], [0.16187399590827986, 0.27343590222494946], [0.3974810940445737, 0.12970178089401635]]",0.06852300230777655,0.006353523385933901,0.0022958407036432187,0.008879722613687673,0.58,0.0,0.58,0.11965180443616807,0.00264218059006104,0.0022659686350512626,0.005833827022703223,0.57,0.5221267506382964,0.57,0.10927138499427806,0.0026902335407772197,0.0022676768576331474,0.006282228961929977,0.572,0.41976111212349315,0.572
6,44,4307,2,0.0935681085542525,0.11862432855316431,True,,410004,1010004,100,5,"[[0.9496885441050926, 0.49558305216819926], [0.84101552447093, 0.7991946472874266], [0.6477004110868886, 0.3442992408576916], [0.5802328699539193, 0.46270199427951064], [0.80802406154924, 0.08360580374925061], [0.06902304024393117, 0.21670210530255643], [0.16187399590827986, 0.27343590222494946], [0.3974810940445737, 0.12970178089401635]]",0.07412661153733027,0.005021450849253149,0.0021248439195301837,0.022556528850554564,0.5660000000000001,0.0,0.5660000000000001,0.13930531999047813,0.00350110445220742,0.002110633583022744,0.0069520705072018876,0.546,0.6754420183482421,0.546,0.1217600626943707,0.004168979743335427,0.002037316855473268,0.008316597631215578,0.55,0.49889042520505084,0.55
7,25,3555,1,0.0905245894966984,0.10634436224748633,True,,310001,910001,100,5,"[[0.7850771881272642, 0.7607935483762949], [0.4838118591972993, 0.6731581339125525], [0.6004565817528442, 0.42734346599686446], [0.11910613886626678, 0.27782241366340243], [0.22833534588664564, 0.9456735747531256], [0.5589908741460213, 0.8570394785288569], [0.10148247745627942, 0.5553553545109386], [0.6772102835781489, 0.15627703807601803]]",0.06553964893876012,0.002470478604528289,0.0019484661738438445,0.00575977855574133,0.5820000000000001,0.0,0.5820000000000001,0.12281136745757669,0.0025068966459553302,0.001995488083087549,0.006121828814261456,0.5640000000000001,0.5444671532261837,0.5640000000000001,0.11421506513603183,0.002542875985036451,0.0019831880935850905,0.006562419615681131,0.57,0.4660204505806108,0.57
7,25,3555,2,0.0905245894966984,0.1170747516243228,True,,410004,1010004,100,5,"[[0.7850771881272642, 0.7607935483762949], [0.4838118591972993, 0.6731581339125525], [0.6004565817528442, 0.42734346599686446], [0.11910613886626678, 0.27782241366340243], [0.22833534588664564, 0.9456735747531256], [0.5589908741460213, 0.8570394785288569], [0.10148247745627942, 0.5553553545109386], [0.6772102835781489, 0.15627703807601803]]",0.06504813108256105,0.0026894540029556604,0.0019522411662412473,0.00579292260410332,0.586,0.0,0.586,0.14102921911308192,0.00241512958021411,0.0019256104060062953,0.005716602396074864,0.5479999999999999,0.7042743008316308,0.5479999999999999,0.12119243718856634,0.002791544778042534,0.001991522580672628,0.005702094917626732,0.5719999999999998,0.5402561356315916,0.5719999999999998
8,7,4172,1,0.0844904353398321,0.10425258898701442,True,,310001,910001,100,5,"[[0.9026856993556951, 0.18654450032703226], [0.41239533727610006, 0.8713609592639263], [0.5467895394289163, 0.3734665224257184], [0.5016365860679705, 0.9164681398045448], [0.8425832012386276, 0.4400115247005735], [0.5537243599780775, 0.5422921426975769], [0.13194445504024513, 0.5004544612288693], [0.6119350083983655, 0.9332448863496872]]",0.061031830963800014,0.005384110298812856,0.0021715749363935936,0.012363271097780779,0.634,0.0,0.634,0.12273376488048518,0.004067405961467879,0.0021723457931463104,0.010136902349022326,0.6140000000000001,0.5996236149311795,0.6140000000000001,0.11051099522328732,0.004131116173703768,0.0022400843148182256,0.009970438925470684,0.618,0.48360861267479416,0.618
8,7,4172,2,0.0844904353398321,0.1195017698335713,True,,410004,1010004,100,5,"[[0.9026856993556951, 0.18654450032703226], [0.41239533727610006, 0.8713609592639263], [0.5467895394289163, 0.3734665224257184], [0.5016365860679705, 0.9164681398045448], [0.8425832012386276, 0.4400115247005735], [0.5537243599780775, 0.5422921426975769], [0.13194445504024513, 0.5004544612288693], [0.6119350083983655, 0.9332448863496872]]",0.06267589088992423,0.005197114626227399,0.0024753249980262455,0.010123964360406343,0.618,0.0,0.618,0.1485880154726747,0.0054006016441004315,0.0023968771735075147,0.014071727297111569,0.598,0.81636226543696,0.598,0.11815515749901159,0.004926489884580153,0.002452574942253553,0.014090819982417702,0.6040000000000001,0.5231099105622523,0.6040000000000001
9,1,1750,1,0.0817036621397367,0.10272147094354775,True,,310001,910001,100,5,"[[0.7809077083672599, 0.7228830734678912], [0.6838579579726572, 0.40365324425883525], [0.4565477969630048, 0.06237309764387078], [0.672717845056195, 0.6387922373352856], [0.6360427019270756, 0.12491717296047444], [0.4175281465957448, 0.19641763325468506], [0.5501491609244239, 0.5757865441441404], [0.8088618237286634, 0.9648745375198412]]",0.06353710739153859,0.014746894464235355,0.0028758979868490605,0.024670016275442283,0.67,0.0,0.67,0.11901348787634727,0.013006472573687,0.0030017087835717744,0.04361520041527724,0.6559999999999999,0.4847601509360494,0.6559999999999999,0.10932180062995789,0.012667132457282482,0.0029680812156929757,0.028203131824682908,0.652,0.42960651476775896,0.652
9,1,1750,2,0.0817036621397367,0.12172328162123949,True,,410004,1010004,100,5,"[[0.7809077083672599, 0.7228830734678912], [0.6838579579726572, 0.40365324425883525], [0.4565477969630048, 0.06237309764387078], [0.672717845056195, 0.6387922373352856], [0.6360427019270756, 0.12491717296047444], [0.4175281465957448, 0.19641763325468506], [0.5501491609244239, 0.5757865441441404], [0.8088618237286634, 0.9648745375198412]]",0.08326203378553304,0.01712512167299588,0.002701481301059478,0.0578524301089496,0.6119999999999999,0.0,0.6119999999999999,0.14107387963104573,0.01378516302950809,0.002792958835863454,0.04036170361300168,0.604,0.6336204518386658,0.604,0.12148333343733347,0.010473881440956788,0.0028011890425953907,0.026287689018006138,0.596,0.4828378008350107,0.596
10,36,3816,1,0.0926322003587369,0.10555781204808887,True,,310001,910001,100,5,"[[0.8131846565494791, 0.8275463556548786], [0.24315198015660516, 0.7289640322395634], [0.6383650495361154, 0.11903582053756687], [0.6568630258912524, 0.7669014840624894], [0.15063181108968418, 0.3286403525993244], [0.6143833430319995, 0.43264431469219494], [0.5421470585701588, 0.929994005295554], [0.5203685769780029, 0.6368976517677418]]",0.066762704843788,0.0028806825126031,0.0019139186270323988,0.00822132571038872,0.5800000000000001,0.0,0.5800000000000001,0.12476469611796627,0.0029674720385540385,0.0019215945282900673,0.008708334358974997,0.5740000000000001,0.5691683339292447,0.5740000000000001,0.10593915111263491,0.003096935885004512,0.0019271285082945108,0.008668155708413842,0.5640000000000001,0.36545083251858757,0.5640000000000001
10,36,3816,2,0.0926322003587369,0.11920404901524437,True,,410004,1010004,100,5,"[[0.8131846565494791, 0.8275463556548786], [0.24315198015660516, 0.7289640322395634], [0.6383650495361154, 0.11903582053756687], [0.6568630258912524, 0.7669014840624894], [0.15063181108968418, 0.3286403525993244], [0.6143833430319995, 0.43264431469219494], [0.5421470585701588, 0.929994005295554], [0.5203685769780029, 0.6368976517677418]]",0.06935514424805679,0.003466072465078333,0.002126491359215656,0.006984705462571757,0.5619999999999999,0.0,0.5619999999999999,0.1443664620425486,0.003990929220002567,0.002141431163257448,0.006786932107966553,0.55,0.7303446426115747,0.55,0.1187281277278235,0.003798298615128915,0.0021384853220969167,0.006476274672725675,0.548,0.47276010949197794,0.548
11,18,2035,1,0.0896265506353289,0.10526451417586168,True,,310001,910001,100,5,"[[0.5524997393453872, 0.7807810204960913], [0.24439572874403678, 0.5938151258846556], [0.5238433811330133, 0.6330741063265335], [0.4600661525546923, 0.5441547664654861], [0.7389843077401992, 0.5565283018068355], [0.42931961580115396, 0.35793006078653183], [0.8938202308995601, 0.46366189205891034], [0.8154126072741532, 0.23184280857952191]]",0.059162181301724855,0.007691947037286368,0.0027333057718597264,0.035669350449819955,0.7,0.0,0.7,0.12605433551598638,0.008524619371749611,0.0026967857886527123,0.04032807700877526,0.694,0.6421983369606646,0.694,0.1097872043697491,0.006204158503364499,0.0026457416808264712,0.024956430191904504,0.6819999999999999,0.5180840398566372,0.6819999999999999
11,18,2035,2,0.0896265506353289,0.12076835547923576,True,,410004,1010004,100,5,"[[0.5524997393453872, 0.7807810204960913], [0.24439572874403678, 0.5938151258846556], [0.5238433811330133, 0.6330741063265335], [0.4600661525546923, 0.5441547664654861], [0.7389843077401992, 0.5565283018068355], [0.42931961580115396, 0.35793006078653183], [0.8938202308995601, 0.46366189205891034], [0.8154126072741532, 0.23184280857952191]]",0.060281059074582276,0.008205057671793744,0.002957044867327517,0.03762927707425029,0.698,0.0,0.698,0.15545226654095196,0.010123925873436308,0.002787820521715225,0.060010749328952305,0.6659999999999999,0.8279327509921991,0.6659999999999999,0.11188782976045683,0.008090871360250043,0.002751903088613411,0.032271469131718064,0.6739999999999999,0.49665496908828893,0.6739999999999999
12,21,2055,1,0.0901787928419492,0.10814114220766123,True,,310001,910001,100,5,"[[0.5680479150903572, 0.4556192883792581], [0.22503127802769338, 0.8415226276832611], [0.5280303994116293, 0.5727693297176467], [0.26714363107348327, 0.3612902942294482], [0.43486123767945845, 0.7466801396242102], [0.8167106374208183, 0.5101058194917625], [0.7251684103489182, 0.7974319033378118], [0.9324455835504267, 0.7173059583506681]]",0.06250685649893092,0.006053069450475122,0.002274612376504036,0.010276584154057019,0.6219999999999999,0.0,0.6219999999999999,0.1261596986076518,0.0072610691815353165,0.002264775358568244,0.008588149225780516,0.618,0.6301577270822676,0.618,0.11773831511641042,0.004656940212952558,0.0023448990501012492,0.007711131409507926,0.614,0.5542935259772939,0.614
12,21,2055,2,0.0901787928419492,0.12011410750504949,True,,410004,1010004,100,5,"[[0.5680479150903572, 0.4556192883792581], [0.22503127802769338, 0.8415226276832611], [0.5280303994116293, 0.5727693297176467], [0.26714363107348327, 0.3612902942294482], [0.43486123767945845, 0.7466801396242102], [0.8167106374208183, 0.5101058194917625], [0.7251684103489182, 0.7974319033378118], [0.9324455835504267, 0.7173059583506681]]",0.06602312496257462,0.005532020223549853,0.0022393605348957485,0.010779052873257339,0.5980000000000001,0.0,0.5980000000000001,0.1454823665043618,0.0060103372773742895,0.0022965230623836277,0.011612242386426582,0.6039999999999999,0.7989404201361536,0.6039999999999999,0.12346857204889972,0.006747673714466923,0.0022600685540503256,0.015435420300792558,0.5900000000000001,0.5430149278715184,0.5900000000000001
13,19,3059,1,0.0898359891208809,0.11049181011796026,True,,310001,910001,100,5,"[[0.34982060417514244, 0.8277556815451598], [0.1742538914525335, 0.7440032903946995], [0.8526528334522373, 0.3087478618592836], [0.8733367190065485, 0.8192673512007617], [0.4828987702032096, 0.7117045583720908], [0.7519357215423313, 0.2839515098963883], [0.7446599292048407, 0.3854275822404513], [0.18497066844861001, 0.41850093882532535]]",0.07261963982576929,0.006378243435097727,0.0020424671957992024,0.011498100933251099,0.558,0.0,0.558,0.1187840686732814,0.006823541121279195,0.0020989546289230166,0.014402328920522529,0.5599999999999999,0.45392776492549,0.5599999999999999,0.12528176598639518,0.007963019849422825,0.0021077210950292587,0.016784256323458764,0.554,0.4976313015711728,0.554
13,19,3059,2,0.0898359891208809,0.11879597251347762,True,,410004,1010004,100,5,"[[0.34982060417514244, 0.8277556815451598], [0.1742538914525335, 0.7440032903946995], [0.8526528334522373, 0.3087478618592836], [0.8733367190065485, 0.8192673512007617], [0.4828987702032096, 0.7117045583720908], [0.7519357215423313, 0.2839515098963883], [0.7446599292048407, 0.3854275822404513], [0.18497066844861001, 0.41850093882532535]]",0.07948853076348908,0.005357599576397346,0.0020673209663810963,0.018925369847034267,0.524,0.0,0.524,0.13655016053364918,0.008405528516672627,0.002283829809776021,0.020085160686987104,0.526,0.5564212449505037,0.526,0.12259503822312298,0.005993115915510221,0.002186990634897439,0.016513326694708563,0.516,0.4234413805273081,0.516
14,40,621,1,0.0931615666913832,0.10846591513062263,True,,310001,910001,100,5,"[[0.8891276210692024, 0.603641798098141], [0.14308483312927558, 0.50517199479791], [0.46588367993765706, 0.8446743907989689], [0.5577909754375074, 0.6409724217598444], [0.7288247499529351, 0.7669430135012498], [0.9117597105810424, 0.2980099475873434], [0.8233813376374776, 0.3756997931702848], [0.41758454037738374, 0.9468519596357006]]",0.07799747918925365,0.008933614025016258,0.002117330465068336,0.025591176259987847,0.558,0.0,0.558,0.11579210621891645,0.005957944366842904,0.0020569187553947576,0.007182942650011938,0.546,0.4285614845883356,0.546,0.12003703755716022,0.0056580655175848486,0.002100518662647534,0.007447947755204987,0.5439999999999999,0.4685652374768554,0.5439999999999999
14,40,621,2,0.0931615666913832,0.12231450594600196,True,,410004,1010004,100,5,"[[0.8891276210692024, 0.603641798098141], [0.14308483312927558, 0.50517199479791], [0.46588367993765706, 0.8446743907989689], [0.5577909754375074, 0.6409724217598444], [0.7288247499529351, 0.7669430135012498], [0.9117597105810424, 0.2980099475873434], [0.8233813376374776, 0.3756997931702848], [0.41758454037738374, 0.9468519596357006]]",0.07744300396876588,0.004300577417177679,0.002192623143811465,0.009692480436786412,0.516,0.0,0.516,0.13779241846934073,0.003928947270326686,0.0022038552573970254,0.010630825021849344,0.51,0.5933514469113892,0.51,0.1362301828765605,0.0036331831786574793,0.0022070205997086734,0.008757466617251033,0.508,0.5816801046098934,0.508
15,34,1559,1,0.0921598147277812,0.10773198967555267,True,,310001,910001,100,5,"[[0.23273246588326005, 0.06150348895160909], [0.5252395717180278, 0.6095150227634328], [0.5746429991597304, 0.3914029773055562], [0.43805946122115147, 0.41384580393412945], [0.7467000731850915, 0.09950457208950705], [0.8909525562258666, 0.8030949009276285], [0.722457237790973, 0.8134194563569428], [0.6173311182604725, 0.8463429800154795]]",0.05727464019545697,0.007849714309908716,0.002489045317068997,0.01714089585332686,0.676,0.0,0.676,0.13266532314971827,0.005745472841234048,0.0024878674812650724,0.0119420588038902,0.63,0.7099724272999588,0.63,0.1083226722073172,0.00569591517253895,0.0023748897673593534,0.01324735921629262,0.6439999999999999,0.4838530261478688,0.6439999999999999
15,34,1559,2,0.0921598147277812,0.12360195815153922,True,,410004,1010004,100,5,"[[0.23273246588326005, 0.06150348895160909], [0.5252395717180278, 0.6095150227634328], [0.5746429991597304, 0.3914029773055562], [0.43805946122115147, 0.41384580393412945], [0.7467000731850915, 0.09950457208950705], [0.8909525562258666, 0.8030949009276285], [0.722457237790973, 0.8134194563569428], [0.6173311182604725, 0.8463429800154795]]",0.06449530748824332,0.008465482309616471,0.0028433458056116596,0.028286134829719728,0.652,0.0,0.652,0.1568943992849572,0.00629160899138073,0.002953443221459771,0.021142938713425513,0.62,0.9072029362480819,0.62,0.11612372654799918,0.005642038343707493,0.0028697942459642257,0.01618969347499403,0.6319999999999999,0.535279012508326,0.6319999999999999
16,41,1294,1,0.0932106354317947,0.1127871514694756,True,,310001,910001,100,5,"[[0.10145073608990178, 0.8499603972830947], [0.5089294371328259, 0.9088703597389947], [0.4473579977317768, 0.2887486778611511], [0.28712505310442654, 0.8075253684246079], [0.2890713984614742, 0.7222422659573366], [0.656065136340344, 0.4058556819700113], [0.602412074579821, 0.20157903947497366], [0.894328662138115, 0.06381914853113897]]",0.06785843700227828,0.009672732802023076,0.002510246687345061,0.01968569080455965,0.616,0.0,0.616,0.12889188105253352,0.007951386439475917,0.002515352281888309,0.011856773738918256,0.5900000000000001,0.6025672503309389,0.5900000000000001,0.12550640677055708,0.005497730784551686,0.0023559474125996087,0.010412089687059265,0.5860000000000001,0.5780880101139105,0.5860000000000001
16,41,1294,2,0.0932106354317947,0.11942314219358068,True,,410004,1010004,100,5,"[[0.10145073608990178, 0.8499603972830947], [0.5089294371328259, 0.9088703597389947], [0.4473579977317768, 0.2887486778611511], [0.28712505310442654, 0.8075253684246079], [0.2890713984614742, 0.7222422659573366], [0.656065136340344, 0.4058556819700113], [0.602412074579821, 0.20157903947497366], [0.894328662138115, 0.06381914853113897]]",0.0825438554594383,0.016317289292963142,0.0023206088549649036,0.0476702509253497,0.5940000000000001,0.0,0.5940000000000001,0.13690882565040274,0.00905169661898306,0.002396096773623634,0.023340413947660142,0.5660000000000001,0.6073343798756232,0.5660000000000001,0.12133106201407888,0.00818164035134628,0.0023077959170885705,0.012729951871597811,0.5660000000000001,0.4873033829449372,0.5660000000000001
17,9,2954,1,0.0860838304883541,0.11154035063378298,True,,310001,910001,100,5,"[[0.27145955785803116, 0.6298853821859499], [0.815049875290244, 0.05997578162825022], [0.6423068037635123, 0.20257020076427637], [0.8181579051264152, 0.8677022699035325], [0.6536371484189173, 0.514022902349478], [0.7363571450682326, 0.3044410912081285], [0.9290503150431432, 0.9355711628960827], [0.7067171732120383, 0.9794102240831806]]",0.07203534075924709,0.009556330290305792,0.002552099110535126,0.02578330709536486,0.5999999999999999,0.0,0.5999999999999999,0.12810408507687346,0.010191871049079133,0.002474662911792146,0.010490037647631975,0.588,0.5857073181049824,0.588,0.1179178916221379,0.008421297601165533,0.0025758404776667367,0.02019114100719951,0.572,0.4387096539945354,0.572
17,9,2954,2,0.0860838304883541,0.12112651275078991,True,,410004,1010004,100,5,"[[0.27145955785803116, 0.6298853821859499], [0.815049875290244, 0.05997578162825022], [0.6423068037635123, 0.20257020076427637], [0.8181579051264152, 0.8677022699035325], [0.6536371484189173, 0.514022902349478], [0.7363571450682326, 0.3044410912081285], [0.9290503150431432, 0.9355711628960827], [0.7067171732120383, 0.9794102240831806]]",0.07334117889771427,0.00896036650081343,0.0025453143839657593,0.014030046574494113,0.5660000000000001,0.0,0.5660000000000001,0.1449621224389882,0.011394450847632229,0.0026079380112153648,0.027501329335734803,0.554,0.6468422075683329,0.554,0.12124062722746895,0.00826647981146437,0.002571748169222821,0.010791560515151254,0.554,0.47383243157764615,0.554
18,29,3774,1,0.091610370917256,0.11516021328130867,True,,310001,910001,100,5,"[[0.3235083018678234, 0.36986085671388347], [0.29911199414044654, 0.0812335873350671], [0.2768192716294403, 0.6301877162446133], [0.746169063205677, 0.9671306824083581], [0.8149115887458503, 0.39668908488216115], [0.4877755582549517, 0.5696706916457929], [0.42187776588216347, 0.30485584205276967], [0.716106802904394, 0.7668295633749412]]",0.07660390942880528,0.012292723451449472,0.0024638641712806794,0.05990727958551012,0.6460000000000001,0.0,0.6460000000000001,0.13768388194765097,0.007296639959562273,0.0024012801815355258,0.019308137711242658,0.6399999999999999,0.7460795265247512,0.6399999999999999,0.10866917980112745,0.007026807608519521,0.002341249850730727,0.011165628097912569,0.646,0.49057427947919896,0.646
18,29,3774,2,0.091610370917256,0.11986326200509499,True,,410004,1010004,100,5,"[[0.3235083018678234, 0.36986085671388347], [0.29911199414044654, 0.0812335873350671], [0.2768192716294403, 0.6301877162446133], [0.746169063205677, 0.9671306824083581], [0.8149115887458503, 0.39668908488216115], [0.4877755582549517, 0.5696706916457929], [0.42187776588216347, 0.30485584205276967], [0.716106802904394, 0.7668295633749412]]",0.061385310560932285,0.00882584453714389,0.0025999675792279975,0.013378935064058475,0.644,0.0,0.644,0.14673265946480235,0.0056435247299782745,0.002628731551760391,0.010731784797123346,0.6439999999999999,0.8757353789717511,0.6439999999999999,0.12460241852984298,0.0077451534354416275,0.002683374610237239,0.010928985412578442,0.632,0.6263840386012072,0.632
19,5,1081,1,0.0840246928788716,0.11452353106377901,True,,310001,910001,100,5,"[[0.8081362355968982, 0.7496650219215876], [0.13828454956739825, 0.915725400632758], [0.6131255339787489, 0.5741610785344831], [0.4763154568427257, 0.3085720033503539], [0.051775907935835835, 0.19694001625305263], [0.8990520754435154, 0.2820287870272611], [0.27952134928582856, 0.6252514535681447], [0.6430437087350923, 0.39212297161735377]]",0.0629341360356728,0.0048986911865943426,0.0019541204815959933,0.01243241667235111,0.6199999999999999,0.0,0.6199999999999999,0.13761185460733222,0.0026598036661497288,0.001914506790032951,0.00561093537210647,0.584,0.7233166234593289,0.584,0.11993627900477882,0.0034295747786777368,0.001986790449514871,0.005086295154386469,0.5900000000000001,0.5536708180805792,0.5900000000000001
19,5,1081,2,0.0840246928788716,0.12233867487605597,True,,410004,1010004,100,5,"[[0.8081362355968982, 0.7496650219215876], [0.13828454956739825, 0.915725400632758], [0.6131255339787489, 0.5741610785344831], [0.4763154568427257, 0.3085720033503539], [0.051775907935835835, 0.19694001625305263], [0.8990520754435154, 0.2820287870272611], [0.27952134928582856, 0.6252514535681447], [0.6430437087350923, 0.39212297161735377]]",0.06476417262578431,0.003291806939468201,0.0023311452917408174,0.006942865010078694,0.592,0.0,0.592,0.15190055244647044,0.0028822568314078797,0.002254549980819978,0.00627623602801809,0.562,0.8302066606393146,0.562,0.12078942198549869,0.0037556433400404527,0.0022771803726506336,0.008398404656343285,0.5660000000000001,0.5147986108557749,0.5660000000000001
20,48,777,1,0.0937449114327509,0.11626374179783039,True,,310001,910001,100,5,"[[0.7032281626257518, 0.3880637194788733], [0.8434614726891783, 0.7339082746141239], [0.5917152065037193, 0.26350837283919765], [0.6852191862130594, 0.06941814361336729], [0.389349744119849, 0.4352979449008754], [0.20397002879225362, 0.2847799911954127], [0.5026232424620964, 0.8913124340821171], [0.49385355074578025, 0.6372293370877566]]",0.06801890430585592,0.012473689898177445,0.0019492696147645982,0.007019146172253574,0.5980000000000001,0.0,0.5980000000000001,0.13685458338507245,0.009721837600057789,0.0019300170495278903,0.006321424540775183,0.584,0.6818332910281386,0.584,0.12332689611532073,0.005553330759034052,0.0019318587260301826,0.005910898259911904,0.576,0.5545462779578183,0.576
20,48,777,2,0.0937449114327509,0.12339402797826067,True,,410004,1010004,100,5,"[[0.7032281626257518, 0.3880637194788733], [0.8434614726891783, 0.7339082746141239], [0.5917152065037193, 0.26350837283919765], [0.6852191862130594, 0.06941814361336729], [0.389349744119849, 0.4352979449008754], [0.20397002879225362, 0.2847799911954127], [0.5026232424620964, 0.8913124340821171], [0.49385355074578025, 0.6372293370877566]]",0.06453096663484988,0.004409680199637312,0.002009003916827642,0.005488701816710299,0.594,0.0,0.594,0.15330511427553967,0.008038678105750274,0.0020363909025665583,0.005344324669066336,0.5740000000000001,0.8418441172723217,0.5740000000000001,0.12243491672711347,0.0054967876027981945,0.0020416479293296494,0.0054629454236642455,0.5740000000000001,0.5442247867875502,0.5740000000000001
21,23,983,1,0.0903383520717033,0.11499328994480323,True,,310001,910001,100,5,"[[0.37979171430139497, 0.1033246903247359], [0.9010232550085571, 0.7177045658390353], [0.18827639195033974, 0.449204962714146], [0.5550374316002404, 0.3019694073321323], [0.7324305856181165, 0.9215181590055731], [0.671630273265729, 0.10504953460731532], [0.9722537832261344, 0.8827141631955474], [0.793453774106785, 0.3663819651445667]]",0.07734195362757315,0.006939893683336173,0.0023236531334184674,0.012396671566906247,0.53,0.0,0.53,0.12899181162432682,0.00472739602335028,0.0023081344256368833,0.007905288649872194,0.5199999999999999,0.5249289681885754,0.5199999999999999,0.12464758290298614,0.003908187239588354,0.0022669476001524213,0.007034480500707346,0.518,0.4847855449495918,0.518
21,23,983,2,0.0903383520717033,0.1247979662986694,True,,410004,1010004,100,5,"[[0.37979171430139497, 0.1033246903247359], [0.9010232550085571, 0.7177045658390353], [0.18827639195033974, 0.449204962714146], [0.5550374316002404, 0.3019694073321323], [0.7324305856181165, 0.9215181590055731], [0.671630273265729, 0.10504953460731532], [0.9722537832261344, 0.8827141631955474], [0.793453774106785, 0.3663819651445667]]",0.08111258336381313,0.006553843304287224,0.0021720274556463097,0.011544512922946287,0.502,0.0,0.502,0.13707273804785178,0.004077720038156185,0.002141709891914503,0.01058681752441907,0.488,0.5526171877335578,0.488,0.14050327189150635,0.005022831984664808,0.002127516425950433,0.0161993815292985,0.48599999999999993,0.5628318303961765,0.48599999999999993
22,6,2891,1,0.0842873220887118,0.11186492953008537,True,,310001,910001,100,5,"[[0.5432622380178218, 0.5371973123357652], [0.6467792658513096, 0.2001916979154007], [0.6610048528171668, 0.8259185887541224], [0.7019638257459307, 0.3081495351140075], [0.8744126287986427, 0.22529619025881795], [0.32825181457259595, 0.592387370667402], [0.4292147931377261, 0.8319979049458359], [0.8573934026368893, 0.4156753272707845]]",0.07049418367495389,0.013450275438047329,0.002810993005023742,0.0668051990927753,0.704,0.0,0.704,0.127327823127717,0.012975967527595797,0.0028692444799698043,0.05712248267344631,0.694,0.58451892938265,0.694,0.12230988818995356,0.01505539190301114,0.0030317245109611644,0.08468801886859292,0.702,0.4542855617302067,0.702
22,6,2891,2,0.0842873220887118,0.1294202420394755,True,,410004,1010004,100,5,"[[0.5432622380178218, 0.5371973123357652], [0.6467792658513096, 0.2001916979154007], [0.6610048528171668, 0.8259185887541224], [0.7019638257459307, 0.3081495351140075], [0.8744126287986427, 0.22529619025881795], [0.32825181457259595, 0.592387370667402], [0.4292147931377261, 0.8319979049458359], [0.8573934026368893, 0.4156753272707845]]",0.0742701111110961,0.014505036657435327,0.002929720541704625,0.063809482050834,0.6759999999999999,0.0,0.6759999999999999,0.15338153591442577,0.013003780747353522,0.003070543282624704,0.06569343334519556,0.6679999999999999,0.7802180457455801,0.6679999999999999,0.13664778521795437,0.014775341819479319,0.0030581124520112695,0.08246557763166655,0.654,0.5335920810968873,0.654
23,42,1411,1,0.0934890787538127,0.11057806036149698,True,,310001,910001,100,5,"[[0.32423186893249883, 0.7214866910139014], [0.2655529012620975, 0.15152706635576058], [0.7103351415255991, 0.3185840998946323], [0.9100885586441135, 0.9254012474947273], [0.3586665778524895, 0.3650580818858787], [0.7019939736963273, 0.5478393694640039], [0.7431629091606009, 0.8634854723195722], [0.508337618146721, 0.5932093624686674]]",0.061261421126172805,0.0070946938439508875,0.001842493393273493,0.00756269632131638,0.628,0.0,0.628,0.1329760433997581,0.006586274683717393,0.001899599417463313,0.008317111405439826,0.6100000000000001,0.6901708637045332,0.6100000000000001,0.11509873352029892,0.009420413645755028,0.0019361619681536417,0.00841514494921917,0.61,0.4983500389494341,0.61
23,42,1411,2,0.0934890787538127,0.13202333470315558,True,,410004,1010004,100,5,"[[0.32423186893249883, 0.7214866910139014], [0.2655529012620975, 0.15152706635576058], [0.7103351415255991, 0.3185840998946323], [0.9100885586441135, 0.9254012474947273], [0.3586665778524895, 0.3650580818858787], [0.7019939736963273, 0.5478393694640039], [0.7431629091606009, 0.8634854723195722], [0.508337618146721, 0.5932093624686674]]",0.07779004944027894,0.009674939436028639,0.0024684644447167735,0.027787755646886857,0.5660000000000001,0.0,0.5660000000000001,0.15856991133873322,0.010772295742928253,0.002462700198108573,0.020230692980989694,0.55,0.8015317036011858,0.55,0.13316346669487694,0.008412951013518086,0.0024701542080010916,0.013275203500757931,0.554,0.5849507768856642,0.554
24,37,3972,1,0.0926396345539173,0.11718728569630438,True,,310001,910001,100,5,"[[0.8175379429376534, 0.23949033980702716], [0.4309336162676848, 0.1551644007774899], [0.6259829396005657, 0.26558072054678544], [0.4658457913597233, 0.6251074996846469], [0.04845343494094823, 0.8598315863360316], [0.20085835876727967, 0.25972220472614316], [0.4285499830434068, 0.31449557846808907], [0.9684752764293646, 0.37359477569583555]]",0.06980768295562251,0.002965861194153917,0.0021880470472904006,0.007243484727510891,0.558,0.0,0.558,0.13657524031543988,0.0036047322972272305,0.0021811265070831205,0.008178716732770283,0.55,0.6499949576185656,0.55,0.12579097919871526,0.00317525167027174,0.0022029954663396524,0.008491678896057809,0.55,0.5431461227827565,0.55
24,37,3972,2,0.0926396345539173,0.12576241071999447,True,,410004,1010004,100,5,"[[0.8175379429376534, 0.23949033980702716], [0.4309336162676848, 0.1551644007774899], [0.6259829396005657, 0.26558072054678544], [0.4658457913597233, 0.6251074996846469], [0.04845343494094823, 0.8598315863360316], [0.20085835876727967, 0.25972220472614316], [0.4285499830434068, 0.31449557846808907], [0.9684752764293646, 0.37359477569583555]]",0.073488153323212,0.004620439455842724,0.0023770082704123252,0.00902985189360925,0.542,0.0,0.542,0.1494661033338685,0.003195353274234465,0.0023279262531006044,0.008623746504059986,0.54,0.7644107040924503,0.54,0.13062928288902886,0.00514391139961681,0.002349544550854249,0.008394221494965926,0.54,0.5679625631071152,0.54
25,49,2990,1,0.0937490489803955,0.11419381849815731,True,,310001,910001,100,5,"[[0.8450760339419418, 0.20665409680766827], [0.47886365214556714, 0.8245602716412149], [0.39844762998936206, 0.3597163085843969], [0.5868779076317018, 0.4051260762149461], [0.35607452538898116, 0.02577971258295275], [0.747008930994715, 0.8471491610170478], [0.6152547564958925, 0.9585610731177227], [0.5945890711306184, 0.5458636580085054]]",0.072388166649814,0.012144377559736052,0.0023547706014989014,0.06807732249310923,0.69,0.0,0.69,0.13300492223983723,0.012514022923150176,0.002351557997302943,0.0617862782676753,0.678,0.6053772844411709,0.678,0.11837726286314079,0.01071141962474521,0.0022845688007081494,0.06467474641516197,0.6739999999999999,0.45254700107456847,0.6739999999999999
25,49,2990,2,0.0937490489803955,0.12929203055021254,True,,410004,1010004,100,5,"[[0.8450760339419418, 0.20665409680766827], [0.47886365214556714, 0.8245602716412149], [0.39844762998936206, 0.3597163085843969], [0.5868779076317018, 0.4051260762149461], [0.35607452538898116, 0.02577971258295275], [0.747008930994715, 0.8471491610170478], [0.6152547564958925, 0.9585610731177227], [0.5945890711306184, 0.5458636580085054]]",0.09034220405802358,0.015374948229693394,0.0025548442717755076,0.10707825784887182,0.6579999999999999,0.0,0.6579999999999999,0.15213186697807424,0.012190706061645787,0.0026190356396128406,0.050307296070397876,0.6479999999999999,0.7875386042921424,0.6479999999999999,0.12256218418667816,0.011912802108787712,0.002563441461936078,0.03834214249764865,0.6460000000000001,0.5259878048842911,0.6460000000000001
26,10,1892,1,0.0872656784189633,0.11781251559492716,True,,310001,910001,100,5,"[[0.5283912685582366, 0.0678077699793085], [0.8331348435114105, 0.7372605299366111], [0.6982333349800935, 0.3420324420412882], [0.5541829113118938, 0.368485239207514], [0.3371146179246369, 0.6220949099795381], [0.8911918532919268, 0.9571257183557255], [0.9174094731002314, 0.480897400177296], [0.4602863342335115, 0.9486109513315]]",0.0715111786797651,0.007002005157887998,0.0019625986266050876,0.012867587862385035,0.5700000000000001,0.0,0.5700000000000001,0.1367746636901575,0.0033631916488017,0.0020037780336389305,0.00866515617175577,0.55,0.6516168059667,0.55,0.12618955631962853,0.007086005711499697,0.0019967294924415294,0.012179434445363704,0.5379999999999999,0.5004702341584452,0.5379999999999999
26,10,1892,2,0.0872656784189633,0.12750956027880556,True,,410004,1010004,100,5,"[[0.5283912685582366, 0.0678077699793085], [0.8331348435114105, 0.7372605299366111], [0.6982333349800935, 0.3420324420412882], [0.5541829113118938, 0.368485239207514], [0.3371146179246369, 0.6220949099795381], [0.8911918532919268, 0.9571257183557255], [0.9174094731002314, 0.480897400177296], [0.4602863342335115, 0.9486109513315]]",0.08037027461037491,0.00849260485697254,0.00224279851076611,0.02116200808245753,0.5319999999999999,0.0,0.5319999999999999,0.14961425601781117,0.007046118530156666,0.0021135200549954928,0.01201557986728059,0.516,0.702388287190565,0.516,0.13043945446922492,0.005236522859015911,0.002158821978383589,0.00831549158031852,0.5080000000000001,0.5178837170857222,0.5080000000000001
27,35,3823,1,0.0921832213969519,0.12464424632773764,True,,310001,910001,100,5,"[[0.44379575244428426, 0.4204312809758916], [0.6212973682572338, 0.3769629738363132], [0.4852308055606169, 0.16425643919053032], [0.8390528507963422, 0.5790840313631307], [0.833116310705737, 0.3172283277277879], [0.6251825867849938, 0.9024712834937455], [0.2844692500388591, 0.860500077791094], [0.8668319770615498, 0.9771558659651861]]",0.07777621019913698,0.012020913445985552,0.002243907206495888,0.010222663828144987,0.538,0.0,0.538,0.14113996682611368,0.008267800803048652,0.0021444762152710603,0.006847003065925903,0.518,0.6306535554496403,0.518,0.13852084145958624,0.008717517321285095,0.002103073020715946,0.006600486555233301,0.52,0.6061781269843796,0.52
27,35,3823,2,0.0921832213969519,0.12416594735551068,True,,410004,1010004,100,5,"[[0.44379575244428426, 0.4204312809758916], [0.6212973682572338, 0.3769629738363132], [0.4852308055606169, 0.16425643919053032], [0.8390528507963422, 0.5790840313631307], [0.833116310705737, 0.3172283277277879], [0.6251825867849938, 0.9024712834937455], [0.2844692500388591, 0.860500077791094], [0.8668319770615498, 0.9771558659651861]]",0.07355995008677885,0.004698089447987133,0.0020614868931190388,0.007152699450615521,0.538,0.0,0.538,0.1477795550685128,0.0025873134877923984,0.0019418898213668032,0.006645997093054995,0.506,0.7052146487108975,0.506,0.12754472919823823,0.0027856217954726026,0.0019219249600589989,0.007076433036736758,0.502,0.494682694792545,0.502
28,12,4733,1,0.0874870164982471,0.11586631490894472,True,,310001,910001,100,5,"[[0.8749095325703975, 0.7941309932314911], [0.8295051306829324, 0.9381465985992499], [0.3340204845972743, 0.8923493037517022], [0.6994700278174452, 0.27419367366067493], [0.5221673406218096, 0.039167371902799314], [0.5577661234142307, 0.26544062810446417], [0.19629041970693334, 0.14231468123894533], [0.52980674913613, 0.6278637309719961]]",0.07958621716993419,0.013427785434924386,0.0019928377216884953,0.015145712414060727,0.5399999999999999,0.0,0.5399999999999999,0.13243644574775204,0.00644542207279257,0.001958840226434591,0.005161889629920117,0.53,0.5748743892601936,0.53,0.11900615097034062,0.005491064902885814,0.001993712700835414,0.005482014089508379,0.534,0.4499056753718949,0.534
28,12,4733,2,0.0874870164982471,0.13692469996217735,True,,410004,1010004,100,5,"[[0.8749095325703975, 0.7941309932314911], [0.8295051306829324, 0.9381465985992499], [0.3340204845972743, 0.8923493037517022], [0.6994700278174452, 0.27419367366067493], [0.5221673406218096, 0.039167371902799314], [0.5577661234142307, 0.26544062810446417], [0.19629041970693334, 0.14231468123894533], [0.52980674913613, 0.6278637309719961]]",0.08277197219610993,0.011266391397804817,0.002140541874441753,0.0080069868903259,0.49800000000000005,0.0,0.49800000000000005,0.1605223088886111,0.008363139538505128,0.002029582243213246,0.005490211090872425,0.484,0.7771183276902207,0.484,0.1438822098753773,0.01069350521627026,0.002142077479216189,0.020786163691144853,0.47800000000000004,0.5453428342071226,0.47800000000000004
29,16,833,1,0.0883154154401842,0.12510478784755447,True,,310001,910001,100,5,"[[0.4186323705014458, 0.5570650301629902], [0.5773009200621386, 0.5940127711774877], [0.14446109152161293, 0.062038215564069576], [0.7871950897349701, 0.2781660660229858], [0.8752508673386319, 0.6396973027904383], [0.4069782690818834, 0.9617810433563412], [0.8346747863756792, 0.20485362462138984], [0.540331402331155, 0.8710699656976509]]",0.08976512055621313,0.01616311590935999,0.0023975310906001225,0.07297239465667045,0.596,0.0,0.596,0.13613290369587208,0.010120443854998934,0.0023633591784323034,0.008432677124710805,0.584,0.6664890082370931,0.584,0.13726056356906635,0.014044149987586487,0.0023884222497109206,0.0681979535788754,0.58,0.4748131000098982,0.58
29,16,833,2,0.0883154154401842,0.13128938246680946,True,,410004,1010004,100,5,"[[0.4186323705014458, 0.5570650301629902], [0.5773009200621386, 0.5940127711774877], [0.14446109152161293, 0.062038215564069576], [0.7871950897349701, 0.2781660660229858], [0.8752508673386319, 0.6396973027904383], [0.4069782690818834, 0.9617810433563412], [0.8346747863756792, 0.20485362462138984], [0.540331402331155, 0.8710699656976509]]",0.08165058817786144,0.014404778235372723,0.002380872317116152,0.03456145990647912,0.5680000000000001,0.0,0.5680000000000001,0.15808719117223927,0.007850625940552684,0.0024826429431327166,0.013496394477619128,0.546,0.8240549115570481,0.546,0.1273325593448979,0.007299047634552705,0.0023643185121685058,0.010801679498457523,0.5519999999999999,0.536074840598119,0.5519999999999999
30,22,187,1,0.090335343273246,0.1245633815378097,True,,310001,910001,100,5,"[[0.6606823639913848, 0.5076220308579663], [0.5920988393975962, 0.1662731761483517], [0.8640524965069413, 0.8285586224154694], [0.6899253694540818, 0.8616453469665759], [0.23580210507445462, 0.5904494957503703], [0.1935620547761555, 0.13932059652464857], [0.47883510198692736, 0.5987277420129323], [0.9764533449205669, 0.02764365791388418]]",0.07642048001341928,0.012266687957729082,0.002097373379699647,0.026334901441470666,0.58,0.0,0.58,0.1487940950804993,0.013692468562621962,0.0021296365859284983,0.03120054224027279,0.556,0.6667232155523757,0.556,0.12424485597682093,0.01275017740468656,0.0021077203673162278,0.029992305030649737,0.558,0.43209584635517073,0.558
30,22,187,2,0.090335343273246,0.1333095314348805,True,,410004,1010004,100,5,"[[0.6606823639913848, 0.5076220308579663], [0.5920988393975962, 0.1662731761483517], [0.8640524965069413, 0.8285586224154694], [0.6899253694540818, 0.8616453469665759], [0.23580210507445462, 0.5904494957503703], [0.1935620547761555, 0.13932059652464857], [0.47883510198692736, 0.5987277420129323], [0.9764533449205669, 0.02764365791388418]]",0.081515804722593,0.007872048126493301,0.0022614086419198267,0.023911276885570074,0.528,0.0,0.528,0.1603172765919607,0.009299870581962391,0.002300237676635497,0.018033090473054937,0.526,0.7962240768816116,0.526,0.13108776783300752,0.00940152432042568,0.002321221969714725,0.014460531443998798,0.518,0.5021892245561632,0.518
31,20,1376,1,0.0900631052908721,0.12025492751929855,True,,310001,910001,100,5,"[[0.3701461264505664, 0.6890486780883609], [0.7554471457003957, 0.5732914554085359], [0.12851804261145333, 0.7392890873031642], [0.5402722264391797, 0.5317728510085641], [0.4707096807856582, 0.2631178278356465], [0.7667970752651362, 0.38050606055010944], [0.45199348595700867, 0.5607131811048279], [0.6127467828825306, 0.12072751514039978]]",0.07249273316209948,0.014771835902910415,0.002656912381223773,0.07848469001929934,0.7180000000000001,0.0,0.7180000000000001,0.14877610110379508,0.018145153762248473,0.002633109576517716,0.10544149020173406,0.7,0.6397833485026306,0.7,0.11097477470750458,0.011206179933721916,0.0026081894639952176,0.043892681216133135,0.712,0.49564189372489764,0.712
31,20,1376,2,0.0900631052908721,0.1379340860869916,True,,410004,1010004,100,5,"[[0.3701461264505664, 0.6890486780883609], [0.7554471457003957, 0.5732914554085359], [0.12851804261145333, 0.7392890873031642], [0.5402722264391797, 0.5317728510085641], [0.4707096807856582, 0.2631178278356465], [0.7667970752651362, 0.38050606055010944], [0.45199348595700867, 0.5607131811048279], [0.6127467828825306, 0.12072751514039978]]",0.09104728357122542,0.02036432339570584,0.003319074245087205,0.12894446014385932,0.712,0.0,0.712,0.17093584830831882,0.01884669754591363,0.0031103672660943585,0.09712371030814582,0.6679999999999999,0.8351772132021391,0.6679999999999999,0.11881736416010338,0.014423316385570845,0.003299683327525231,0.06498655335682656,0.688,0.4603090577954852,0.688
32,2,2105,1,0.0834897831831185,0.12001988388375318,True,,310001,910001,100,5,"[[0.272229667986514, 0.15372735152664496], [0.9796847721640042, 0.45050873952904513], [0.7497251102856226, 0.9758551596596663], [0.8166587883507223, 0.7744275168831884], [0.37867300273177906, 0.6850544532123043], [0.7449357966856764, 0.34769050498984955], [0.5622583775764535, 0.3474575725611519], [0.6637592506624349, 0.7467877448653476]]",0.07697502122603667,0.002630738646312444,0.0017848978272647625,0.004637296117320222,0.504,0.0,0.504,0.1368681618187194,0.005149922270596341,0.0017596720972941657,0.004996708426959496,0.502,0.583516842688632,0.502,0.1293681906715372,0.005025756973586619,0.0018159485938060594,0.004749319246423256,0.49400000000000005,0.4978180425949625,0.49400000000000005
32,2,2105,2,0.0834897831831185,0.13833569702209197,True,,410004,1010004,100,5,"[[0.272229667986514, 0.15372735152664496], [0.9796847721640042, 0.45050873952904513], [0.7497251102856226, 0.9758551596596663], [0.8166587883507223, 0.7744275168831884], [0.37867300273177906, 0.6850544532123043], [0.7449357966856764, 0.34769050498984955], [0.5622583775764535, 0.3474575725611519], [0.6637592506624349, 0.7467877448653476]]",0.0952530880356704,0.007319391279736957,0.0018855054211542473,0.02153120653262921,0.43,0.0,0.43,0.1576876663451115,0.006268035289962016,0.0019228030353046054,0.011428886159288621,0.422,0.6473838461684199,0.422,0.1427143673624745,0.004815388219380927,0.001954911073261159,0.011402947099785104,0.42400000000000004,0.5072655853381755,0.42400000000000004
33,45,213,1,0.0936165037083879,0.13158841539322563,True,,310001,910001,100,5,"[[0.7642781973651931, 0.3330270166238924], [0.27949122615462335, 0.2555644867235565], [0.48646556684458847, 0.3855411876946755], [0.8915199755501655, 0.7143553363551312], [0.5170929549761962, 0.9381100884977573], [0.28447274020584884, 0.3947078119300434], [0.34205510510084997, 0.6202548169944403], [0.5271061524908897, 0.45586018606555156]]",0.09183086239191435,0.01722369726460253,0.00255470389283314,0.1262673287428107,0.692,0.0,0.692,0.15156796096738567,0.014764416050908263,0.0025116989631395513,0.07551567156589323,0.668,0.72469272274709,0.668,0.1313868772462169,0.0154509166007268,0.002536650101272633,0.09331144968300416,0.674,0.4754052987098859,0.674
33,45,213,2,0.0936165037083879,0.12943925089086386,True,,410004,1010004,100,5,"[[0.7642781973651931, 0.3330270166238924], [0.27949122615462335, 0.2555644867235565], [0.48646556684458847, 0.3855411876946755], [0.8915199755501655, 0.7143553363551312], [0.5170929549761962, 0.9381100884977573], [0.28447274020584884, 0.3947078119300434], [0.34205510510084997, 0.6202548169944403], [0.5271061524908897, 0.45586018606555156]]",0.08122849879618779,0.01492227550199941,0.002812346198541117,0.08837824940096015,0.6799999999999999,0.0,0.6799999999999999,0.1577513444002017,0.012227555086733483,0.0026965176167609906,0.056245202254852175,0.658,0.8407538393471597,0.658,0.12102581596686424,0.011959466985484042,0.0027471684720911304,0.05452420474586676,0.67,0.497867943996364,0.67
34,4,550,1,0.0839925446611164,0.12463674170945979,True,,310001,910001,100,5,"[[0.28836856762798835, 0.6976228896766088], [0.6372195441394609, 0.8927273252890774], [0.7987107538352851, 0.910935384488802], [0.3373413411190676, 0.30235327518305655], [0.9171778579034184, 0.5636348442644333], [0.4866592926577101, 0.5392456426071444], [0.5026011832875548, 0.03400990923093708], [0.9181901272816776, 0.32465211412288864]]",0.07475568071069301,0.002235740656341319,0.0018633793105641478,0.004831991384464747,0.518,0.0,0.518,0.1487426724865736,0.002208089548127378,0.0018450373149129589,0.0048661889058300885,0.49800000000000005,0.7098917551816727,0.49800000000000005,0.12630594115399899,0.002212346376315963,0.0018289922991995163,0.005015960843536606,0.492,0.47605597031595825,0.492
34,4,550,2,0.0839925446611164,0.13777978152891407,True,,410004,1010004,100,5,"[[0.28836856762798835, 0.6976228896766088], [0.6372195441394609, 0.8927273252890774], [0.7987107538352851, 0.910935384488802], [0.3373413411190676, 0.30235327518305655], [0.9171778579034184, 0.5636348442644333], [0.4866592926577101, 0.5392456426071444], [0.5026011832875548, 0.03400990923093708], [0.9181901272816776, 0.32465211412288864]]",0.07779361472316784,0.002259263717117989,0.0018854536481580353,0.004923153501549199,0.49799999999999994,0.0,0.49799999999999994,0.1670893279171467,0.0023759465249271216,0.0019248834497606168,0.0050781843570290915,0.45199999999999996,0.8229669667382075,0.45199999999999996,0.139146855558195,0.0037503866955860762,0.001961160862494408,0.0052594110766285085,0.47000000000000003,0.563813582221927,0.47000000000000003
35,27,1136,1,0.0907919017122918,0.11758091497017532,True,,310001,910001,100,5,"[[0.8962118876513651, 0.6349288691659213], [0.12411658262896733, 0.8794322505750877], [0.5066395252493792, 0.7989714732187049], [0.8951678113934562, 0.3693465416972382], [0.6577641523439963, 0.16256489016360404], [0.7626092886883918, 0.7673935118568569], [0.4625776595475111, 0.6695388126613869], [0.5458662404616458, 0.6044979327550706]]",0.08217001764897056,0.014085576252850684,0.002336048699012902,0.04077169445062586,0.5760000000000001,0.0,0.5760000000000001,0.13174465351834164,0.00856931865594596,0.0023446734464383097,0.017908795983336282,0.5640000000000001,0.571158213281651,0.5640000000000001,0.12466433519504747,0.009420951996904422,0.0023604543045776098,0.019627283790398582,0.5740000000000001,0.506367216593209,0.5740000000000001
35,27,1136,2,0.0907919017122918,0.14594365069752802,True,,410004,1010004,100,5,"[[0.8962118876513651, 0.6349288691659213], [0.12411658262896733, 0.8794322505750877], [0.5066395252493792, 0.7989714732187049], [0.8951678113934562, 0.3693465416972382], [0.6577641523439963, 0.16256489016360404], [0.7626092886883918, 0.7673935118568569], [0.4625776595475111, 0.6695388126613869], [0.5458662404616458, 0.6044979327550706]]",0.09274513198100531,0.014919530318826932,0.002352181379601397,0.06577114445844405,0.558,0.0,0.558,0.175411169233885,0.01729038813581672,0.0023844457985975048,0.06858308529257648,0.534,0.7715556898499452,0.534,0.14020713234133678,0.010660232140644871,0.0024023619228145166,0.04378361350704242,0.5479999999999999,0.5447494382593385,0.5479999999999999
36,33,2562,1,0.0920866230401156,0.12334040811510144,True,,310001,910001,100,5,"[[0.42754444829798427, 0.49221321261445145], [0.7563571287484026, 0.7381256661860788], [0.4268629436722737, 0.7153119802680104], [0.7508658470423888, 0.36711382700611983], [0.9185876420471778, 0.25352101655871984], [0.8299856355030847, 0.6928249408797689], [0.12834168866614187, 0.16246098297230072], [0.5821340529103424, 0.546909111140303]]",0.09064963562408995,0.01620652914280126,0.0026868261780621633,0.088855658366098,0.6220000000000001,0.0,0.6220000000000001,0.13984722111678907,0.009779326483092616,0.002654440126048508,0.021420636433524036,0.6040000000000001,0.696203332693402,0.6040000000000001,0.12301755460273765,0.010550385239635607,0.0027660288208973347,0.023911974957953767,0.606,0.519962887575155,0.606
36,33,2562,2,0.0920866230401156,0.14137071723624878,True,,410004,1010004,100,5,"[[0.42754444829798427, 0.49221321261445145], [0.7563571287484026, 0.7381256661860788], [0.4268629436722737, 0.7153119802680104], [0.7508658470423888, 0.36711382700611983], [0.9185876420471778, 0.25352101655871984], [0.8299856355030847, 0.6928249408797689], [0.12834168866614187, 0.16246098297230072], [0.5821340529103424, 0.546909111140303]]",0.10487536331331113,0.018206166183437945,0.0027168460690749304,0.12627529510254687,0.608,0.0,0.608,0.16212097350368698,0.010286169907975753,0.0026584722067539432,0.03147437936936537,0.5900000000000001,0.8654988323428832,0.5900000000000001,0.13636555862430996,0.013262604891445545,0.0027886509055799315,0.07141208546807751,0.5940000000000001,0.4807376078273622,0.5940000000000001
37,31,2244,1,0.0918610904917126,0.13060044195660706,True,,310001,910001,100,5,"[[0.73030787938661, 0.8913458090295584], [0.5637619930785372, 0.47256534037646153], [0.1126181644184064, 0.959169344888628], [0.5459791605888795, 0.8494114795395811], [0.2980174264196139, 0.6184128112799931], [0.8050560172247018, 0.21926499597502158], [0.9663496577747119, 0.7328565521990729], [0.8529255015435567, 0.7538853670829339]]",0.08656522770514818,0.005541398253380817,0.0017168312896577124,0.005238661637089352,0.45,0.0,0.45,0.14983699182004637,0.006722972396340629,0.001685148217146691,0.00508545543112312,0.44800000000000006,0.6248601761235616,0.44800000000000006,0.1361625564811873,0.005702529949612677,0.0016824249799461347,0.005366495029707484,0.438,0.47686469494949346,0.438
37,31,2244,2,0.0918610904917126,0.1402958230497544,True,,410004,1010004,100,5,"[[0.73030787938661, 0.8913458090295584], [0.5637619930785372, 0.47256534037646153], [0.1126181644184064, 0.959169344888628], [0.5459791605888795, 0.8494114795395811], [0.2980174264196139, 0.6184128112799931], [0.8050560172247018, 0.21926499597502158], [0.9663496577747119, 0.7328565521990729], [0.8529255015435567, 0.7538853670829339]]",0.09208966357027658,0.004803375484624945,0.0019252599442891622,0.00676048200731783,0.414,0.0,0.414,0.16434197042100654,0.004549475651684668,0.0019211082025959946,0.006561147294908881,0.4,0.7032636218927578,0.4,0.14040968778672805,0.004623266748972751,0.0019647121756810036,0.006555302195521216,0.4079999999999999,0.4756262709103393,0.4079999999999999
38,24,1475,1,0.0904528698082529,0.13395236557908302,True,,310001,910001,100,5,"[[0.6718584858860428, 0.9589083643280844], [0.7321500211060666, 0.3167128982971212], [0.7138850567103052, 0.5237895775893135], [0.24609033072977735, 0.5300474956008574], [0.33177093156569604, 0.937144960464732], [0.4959346877697336, 0.49847236565106806], [0.7481194619675096, 0.8883880244020438], [0.5284747354273684, 0.5894122707814503]]",0.09987779105193303,0.02267492458082592,0.0026847053151625192,0.13191358330187128,0.666,0.0,0.666,0.1528651548518351,0.016392689925167937,0.0025942990640164297,0.08194279314805171,0.65,0.6840560644109404,0.65,0.1302013615607289,0.013783582930363598,0.002652631300873255,0.08295932916390383,0.648,0.46310950492894126,0.648
38,24,1475,2,0.0904528698082529,0.13774243679891457,True,,410004,1010004,100,5,"[[0.6718584858860428, 0.9589083643280844], [0.7321500211060666, 0.3167128982971212], [0.7138850567103052, 0.5237895775893135], [0.24609033072977735, 0.5300474956008574], [0.33177093156569604, 0.937144960464732], [0.4959346877697336, 0.49847236565106806], [0.7481194619675096, 0.8883880244020438], [0.5284747354273684, 0.5894122707814503]]",0.09589791082607821,0.022000011181494916,0.0028036752340011733,0.10665968598135164,0.64,0.0,0.64,0.1617267479155846,0.012802442718919203,0.002548180796539799,0.03305073381845501,0.606,0.8695042854653448,0.606,0.13161834053841082,0.012896065235462151,0.0025846382611108883,0.050061752661222855,0.616,0.5319658538408597,0.616
39,50,1565,1,0.094047102957472,0.13677314994967255,True,,310001,910001,100,5,"[[0.23998192672695232, 0.7106052856304749], [0.4043221133637562, 0.42387917323686836], [0.9241453844406304, 0.2089597227776753], [0.9647812078361615, 0.7555857149361488], [0.9367769769429967, 0.3222830926871788], [0.3826259456417327, 0.79171113145044], [0.5883313776562522, 0.4683792087674485], [0.595552475036573, 0.37576160292239996]]",0.09118755001280097,0.015694187930363115,0.0024896676509622746,0.08941721814712525,0.618,0.0,0.618,0.15612676400398645,0.0160527590986801,0.0025426438082423943,0.07196476626728995,0.606,0.6821359252939343,0.606,0.14365152177791626,0.012525903138811384,0.0024804032005111276,0.06882093435737471,0.606,0.5826858505823873,0.606
39,50,1565,2,0.094047102957472,0.13679757122058495,True,,410004,1010004,100,5,"[[0.23998192672695232, 0.7106052856304749], [0.4043221133637562, 0.42387917323686836], [0.9241453844406304, 0.2089597227776753], [0.9647812078361615, 0.7555857149361488], [0.9367769769429967, 0.3222830926871788], [0.3826259456417327, 0.79171113145044], [0.5883313776562522, 0.4683792087674485], [0.595552475036573, 0.37576160292239996]]",0.08848614870295826,0.01479892183546043,0.0024389116862779067,0.08875544625667021,0.632,0.0,0.632,0.16829803774623953,0.016648780350215386,0.002574967446766773,0.07158115469519118,0.6,0.7933174018008524,0.6,0.12210806068690247,0.013357105197411845,0.00268552451041783,0.06092985486493217,0.6100000000000001,0.3931840688858751,0.6100000000000001
40,13,2960,1,0.0877252428890234,0.1257090724484651,True,,310001,910001,100,5,"[[0.6447609001532222, 0.8349083530640584], [0.4093980204375493, 0.45303509485727095], [0.7928617859212564, 0.8556211949033236], [0.47048995565901, 0.601513556230811], [0.6028002015079751, 0.29876828272708483], [0.49186082010938037, 0.11047086202065672], [0.9605646365352903, 0.8280617819680516], [0.8089709697768327, 0.2831126156291259]]",0.08951163184001738,0.013916722417592325,0.002468662640876464,0.06949702250700276,0.584,0.0,0.584,0.1432717281325034,0.008222204543780531,0.002375726920146464,0.024918178655953954,0.5700000000000001,0.67596282491016,0.5700000000000001,0.12678120168883614,0.009482672683622082,0.0025218107398639693,0.034518589178093535,0.5660000000000001,0.47058422227778146,0.5660000000000001
40,13,2960,2,0.0877252428890234,0.15155802966134055,True,,410004,1010004,100,5,"[[0.6447609001532222, 0.8349083530640584], [0.4093980204375493, 0.45303509485727095], [0.7928617859212564, 0.8556211949033236], [0.47048995565901, 0.601513556230811], [0.6028002015079751, 0.29876828272708483], [0.49186082010938037, 0.11047086202065672], [0.9605646365352903, 0.8280617819680516], [0.8089709697768327, 0.2831126156291259]]",0.11457758623236652,0.020352103744175423,0.0022975655622783776,0.12539713182495865,0.548,0.0,0.548,0.17563690440381585,0.014724742603145328,0.002476429385372482,0.06711161945703514,0.546,0.8077728439528993,0.546,0.14038072360536394,0.010438792996599085,0.0022819338714005497,0.06083157961618606,0.538,0.4813379287203855,0.538
41,30,1584,1,0.0918100670876003,0.13925056769275404,True,,310001,910001,100,5,"[[0.38585770332887326, 0.6940557801099249], [0.9433870908070368, 0.7339300290330256], [0.9278436887984955, 0.2559962321961875], [0.7183140617888305, 0.8898666321621718], [0.5819050963137239, 0.5481919135249651], [0.6458921686686119, 0.3829622143813926], [0.7117862027281558, 0.5822022434366962], [0.4460081305765945, 0.6062382153869252]]",0.12242799488398998,0.02717296897851266,0.002552221154374182,0.17833386281219768,0.6220000000000001,0.0,0.6220000000000001,0.1467446786175545,0.014515805526084122,0.0025674559155298895,0.06654115428800579,0.6180000000000001,0.6295021984441492,0.6180000000000001,0.1410849186519172,0.01695451950283829,0.0026700287866844503,0.09713346592590394,0.616,0.4671534509786879,0.616
41,30,1584,2,0.0918100670876003,0.1387551362083007,True,,410004,1010004,100,5,"[[0.38585770332887326, 0.6940557801099249], [0.9433870908070368, 0.7339300290330256], [0.9278436887984955, 0.2559962321961875], [0.7183140617888305, 0.8898666321621718], [0.5819050963137239, 0.5481919135249651], [0.6458921686686119, 0.3829622143813926], [0.7117862027281558, 0.5822022434366962], [0.4460081305765945, 0.6062382153869252]]",0.11374469158956718,0.0242189467992164,0.0029645786299488555,0.14682055176639935,0.608,0.0,0.608,0.15498035959268816,0.011522176913466273,0.002851391931572375,0.04598533885073239,0.5980000000000001,0.7569977832640863,0.5980000000000001,0.13131513405825931,0.016799974712181122,0.0029386419799696016,0.08680653725627191,0.598,0.3741318426089624,0.598
42,8,2540,1,0.0851310931739203,0.13555408619705764,True,,310001,910001,100,5,"[[0.23945856581683025, 0.2601496685188726], [0.9127868417058, 0.2822636125362518], [0.8242686205023834, 0.9562849946124763], [0.9343941994461222, 0.6437756418626844], [0.3925647375478057, 0.9614253986267984], [0.2808708640919715, 0.8890012189426167], [0.4546459098454303, 0.560829848527109], [0.7899221969513105, 0.4485227790653434]]",0.08512079203535224,0.008059845901468757,0.0018178255274757765,0.004646204598970973,0.466,0.0,0.466,0.15547672872362192,0.008696095446797204,0.0018176083940696322,0.00481637853110499,0.442,0.6641857221323167,0.442,0.14614209530563443,0.013122351786647843,0.0019033032781238287,0.005430312538973424,0.43200000000000005,0.5340794323995091,0.43200000000000005
42,8,2540,2,0.0851310931739203,0.14476516461859967,True,,410004,1010004,100,5,"[[0.23945856581683025, 0.2601496685188726], [0.9127868417058, 0.2822636125362518], [0.8242686205023834, 0.9562849946124763], [0.9343941994461222, 0.6437756418626844], [0.3925647375478057, 0.9614253986267984], [0.2808708640919715, 0.8890012189426167], [0.4546459098454303, 0.560829848527109], [0.7899221969513105, 0.4485227790653434]]",0.08979886164790553,0.007400333756442073,0.0018856326166568238,0.005229038191688623,0.434,0.0,0.434,0.17070288478438972,0.007321728359260452,0.00197027123568603,0.004965270585126388,0.40199999999999997,0.7621852584718457,0.40199999999999997,0.14785602725771366,0.006899522473458063,0.0019189003695690532,0.004869838347938789,0.41,0.5479029064027587,0.41
43,3,1885,1,0.0835580420803253,0.1469884307475569,True,,310001,910001,100,5,"[[0.6094884324782669, 0.8334432325126456], [0.6780281442603794, 0.2697742334130211], [0.46300775042764397, 0.36684797703016153], [0.8400734194261396, 0.9155456350045637], [0.8549546824715568, 0.8155065047820524], [0.39854171009284683, 0.24093346864345164], [0.9479620015095752, 0.13808441497730736], [0.49211844795134235, 0.6198650443589258]]",0.10972520582905015,0.02312647569887266,0.0024909191114583446,0.1350609725485249,0.608,0.0,0.608,0.1724031700728697,0.016418461875364596,0.0024663352033016833,0.12766954081457943,0.598,0.6641399998458178,0.598,0.13342217701543818,0.012050375531449529,0.0024668238922136926,0.07207082273012386,0.594,0.45478261207248744,0.594
43,3,1885,2,0.0835580420803253,0.13608062015560612,True,,410004,1010004,100,5,"[[0.6094884324782669, 0.8334432325126456], [0.6780281442603794, 0.2697742334130211], [0.46300775042764397, 0.36684797703016153], [0.8400734194261396, 0.9155456350045637], [0.8549546824715568, 0.8155065047820524], [0.39854171009284683, 0.24093346864345164], [0.9479620015095752, 0.13808441497730736], [0.49211844795134235, 0.6198650443589258]]",0.10111043494584251,0.015803382673734812,0.002554053825480738,0.09432970914220616,0.5619999999999999,0.0,0.5619999999999999,0.1586930122818226,0.010014580069664117,0.002586636229123012,0.02714874314942991,0.546,0.7794182830564476,0.546,0.12582602111293673,0.006654994755789884,0.0024650386147848356,0.020538067784711272,0.546,0.4856985313741789,0.546
44,38,160,1,0.0928483773867297,0.13403137888991845,True,,310001,910001,100,5,"[[0.7221288247283233, 0.9022290669486491], [0.3486546211731363, 0.35625716354063147], [0.42710901250295846, 0.401784724637162], [0.9084208810034882, 0.8736507290784365], [0.9767027592368063, 0.06531941528310468], [0.9472125350789419, 0.6132056632646007], [0.6581969546845313, 0.5775032781882391], [0.42605128534663306, 0.6707838570439176]]",0.08930809066579583,0.015706203181031938,0.0024340355596616124,0.06813433078110487,0.588,0.0,0.588,0.15876574005867541,0.011344549494568718,0.002323454524523142,0.04992625428841582,0.5820000000000001,0.7598281649959474,0.5820000000000001,0.12928594477652716,0.008322881624936423,0.0023180099309202,0.033332795045784916,0.572,0.5134080953157028,0.572
44,38,160,2,0.0928483773867297,0.14927631147834514,True,,410004,1010004,100,5,"[[0.7221288247283233, 0.9022290669486491], [0.3486546211731363, 0.35625716354063147], [0.42710901250295846, 0.401784724637162], [0.9084208810034882, 0.8736507290784365], [0.9767027592368063, 0.06531941528310468], [0.9472125350789419, 0.6132056632646007], [0.6581969546845313, 0.5775032781882391], [0.42605128534663306, 0.6707838570439176]]",0.11995634692177848,0.023974361996017886,0.002727835754655854,0.14589294674523484,0.5640000000000001,0.0,0.5640000000000001,0.16805812463168862,0.01074029817201874,0.002559412709364799,0.04045288502576503,0.5459999999999999,0.8298912494655065,0.5459999999999999,0.1410326497282249,0.012799031173631903,0.002676137924566088,0.06473867959242485,0.5519999999999999,0.4865148182236309,0.5519999999999999
45,17,2296,1,0.0894695747950115,0.13200188416493172,True,,310001,910001,100,5,"[[0.6440068416709215, 0.20378003209300943], [0.922225732373827, 0.36041038834505107], [0.8386637499358588, 0.9257131355796966], [0.36896405953396366, 0.83410384265047], [0.5206369640347593, 0.531870931288779], [0.5565727295639286, 0.6947359055183624], [0.35840805249298446, 0.5663587643434099], [0.9482941647237343, 0.6027156200813841]]",0.0956079528581916,0.018338575097172342,0.0021117053129446187,0.10218531354821356,0.6220000000000001,0.0,0.6220000000000001,0.1423671393012318,0.00981085657434783,0.0021141859530847923,0.044573664461233536,0.61,0.6608015450440522,0.61,0.14501622225015173,0.01948771772714016,0.0021900853251417985,0.09718029707624007,0.6120000000000001,0.48892660150066647,0.6120000000000001
45,17,2296,2,0.0894695747950115,0.15146518579189328,True,,410004,1010004,100,5,"[[0.6440068416709215, 0.20378003209300943], [0.922225732373827, 0.36041038834505107], [0.8386637499358588, 0.9257131355796966], [0.36896405953396366, 0.83410384265047], [0.5206369640347593, 0.531870931288779], [0.5565727295639286, 0.6947359055183624], [0.35840805249298446, 0.5663587643434099], [0.9482941647237343, 0.6027156200813841]]",0.08710281122503452,0.01555817207792902,0.002224392238795888,0.0630054459665548,0.5919999999999999,0.0,0.5919999999999999,0.17945495500260306,0.018533904988402395,0.0021951615819603807,0.0743763151675469,0.5660000000000001,0.8370180320755793,0.5660000000000001,0.15984802193733247,0.01867486550233896,0.002275532275107301,0.11864446828499195,0.5760000000000001,0.5225099197578237,0.5760000000000001
46,47,3304,1,0.0937085027087278,0.1346250652886553,True,,310001,910001,100,5,"[[0.640500302805217, 0.330833774288787], [0.7340845100883326, 0.3314036508658589], [0.2745495257837171, 0.7430403478847056], [0.18946255751960517, 0.5314128018883009], [0.5934534143697031, 0.7829331149593387], [0.7180486461452196, 0.6178608765218238], [0.5893204005763126, 0.5614743781712737], [0.8006306614789502, 0.5296353714153478]]",0.09682691985238556,0.019238277391901062,0.003227552478890341,0.12489898342010028,0.662,0.0,0.662,0.13865914175483565,0.020514551210638443,0.003332212837988889,0.11603904135253248,0.656,0.43015881304288606,0.656,0.15150709977369997,0.022008670263343834,0.0032421582345730634,0.13404563633741534,0.65,0.48889507253970643,0.65
46,47,3304,2,0.0937085027087278,0.14911584200326614,True,,410004,1010004,100,5,"[[0.640500302805217, 0.330833774288787], [0.7340845100883326, 0.3314036508658589], [0.2745495257837171, 0.7430403478847056], [0.18946255751960517, 0.5314128018883009], [0.5934534143697031, 0.7829331149593387], [0.7180486461452196, 0.6178608765218238], [0.5893204005763126, 0.5614743781712737], [0.8006306614789502, 0.5296353714153478]]",0.12210682352313867,0.029208726476598862,0.0035446830626179606,0.1822096553622306,0.638,0.0,0.638,0.16186355455737667,0.02028558884368473,0.003370383430127364,0.12770304546913977,0.632,0.5922412593697661,0.632,0.1506294353751725,0.026537773431844797,0.003556509677067819,0.13846907043700846,0.626,0.41046716199739813,0.626
47,11,4852,1,0.0872952681336127,0.13000338151317511,True,,310001,910001,100,5,"[[0.4652502257601509, 0.4817705471831559], [0.6227446748350446, 0.07453097498937587], [0.9246148707405881, 0.600080970015066], [0.31863413706521576, 0.9451528122609839], [0.08299560351972166, 0.6752316188397801], [0.5364692712896804, 0.5499505421641346], [0.6453345452743212, 0.9633400529600802], [0.7987890267344256, 0.7883960427585691]]",0.08461541180293494,0.007641949556830776,0.0020205796913038915,0.019588448341203685,0.49799999999999994,0.0,0.49799999999999994,0.15469711847123632,0.0033291844746177342,0.0018868198680862356,0.006613400465629764,0.4959999999999999,0.7561496531796938,0.4959999999999999,0.1260038773072929,0.004538692905486681,0.0019250459453726033,0.0064274045175058015,0.4959999999999999,0.4643324414457214,0.4959999999999999
47,11,4852,2,0.0872952681336127,0.15570897252107244,True,,410004,1010004,100,5,"[[0.4652502257601509, 0.4817705471831559], [0.6227446748350446, 0.07453097498937587], [0.9246148707405881, 0.600080970015066], [0.31863413706521576, 0.9451528122609839], [0.08299560351972166, 0.6752316188397801], [0.5364692712896804, 0.5499505421641346], [0.6453345452743212, 0.9633400529600802], [0.7987890267344256, 0.7883960427585691]]",0.09600569722308787,0.010182635333719919,0.0021451750416608727,0.04874503774304637,0.488,0.0,0.488,0.189579901138615,0.008243452710226962,0.0021255961290594745,0.04316302106066007,0.48600000000000004,0.9582144110081485,0.48600000000000004,0.14767039058397186,0.010340627978846037,0.0020548325750413517,0.04451703905192162,0.48,0.5166199627791465,0.48
48,43,1019,1,0.0935079512942799,0.1391191473586511,True,,310001,910001,100,5,"[[0.47008551925035574, 0.16619999057159615], [0.8603445388603996, 0.318625791501879], [0.7268841769780712, 0.40183161034797116], [0.8801478355674476, 0.47455165381228076], [0.4139830784167814, 0.05810941814758927], [0.9629488257748483, 0.4560309729978892], [0.2689680579117954, 0.13052101073857073], [0.761562006193114, 0.7406090663573238]]",0.14072607530947687,0.029651859384896943,0.002831922890623513,0.19460912862091084,0.54,0.0,0.54,0.13241751427962437,0.014605153021187455,0.0028181400282827136,0.07808041390188392,0.534,0.32521071249524836,0.534,0.14166649992275163,0.014732824741405706,0.003012687926822325,0.07036338768079477,0.5359999999999999,0.4432771248488062,0.5359999999999999
48,43,1019,2,0.0935079512942799,0.1584476310638943,True,,410004,1010004,100,5,"[[0.47008551925035574, 0.16619999057159615], [0.8603445388603996, 0.318625791501879], [0.7268841769780712, 0.40183161034797116], [0.8801478355674476, 0.47455165381228076], [0.4139830784167814, 0.05810941814758927], [0.9629488257748483, 0.4560309729978892], [0.2689680579117954, 0.13052101073857073], [0.761562006193114, 0.7406090663573238]]",0.1431447669981446,0.026816546282299968,0.0027605115596019934,0.18292440390369877,0.492,0.0,0.492,0.15168277983962314,0.017575513386594747,0.0028155788007279267,0.09650096897189372,0.4779999999999999,0.365235081240874,0.4779999999999999,0.16948148870890475,0.01594744389546801,0.0028672070844247824,0.10279226657665594,0.49399999999999994,0.5556745898294738,0.49399999999999994
49,39,4087,1,0.0931474871555352,0.13775684489470882,True,,310001,910001,100,5,"[[0.46682465418140767, 0.9023380977692886], [0.9384883984312304, 0.23124279502100323], [0.5362386163660633, 0.2800860190527273], [0.44327241969814923, 0.2789350587120548], [0.612524261674123, 0.8898546247684574], [0.6743611155458556, 0.33274933795114686], [0.9267503678321164, 0.7140196816097583], [0.935746357182498, 0.8648911971943112]]",0.10364714963267213,0.02085387760288037,0.002620358192097248,0.0752096823712532,0.522,0.0,0.522,0.1483298833421407,0.015403312148749473,0.002472745481255607,0.04542005759149669,0.488,0.5097237559775443,0.488,0.1495251733020112,0.01444853179687305,0.002444425300585316,0.03934747273202157,0.502,0.5651909217381185,0.502
49,39,4087,2,0.0931474871555352,0.17296223260301968,True,,410004,1010004,100,5,"[[0.46682465418140767, 0.9023380977692886], [0.9384883984312304, 0.23124279502100323], [0.5362386163660633, 0.2800860190527273], [0.44327241969814923, 0.2789350587120548], [0.612524261674123, 0.8898546247684574], [0.6743611155458556, 0.33274933795114686], [0.9267503678321164, 0.7140196816097583], [0.935746357182498, 0.8648911971943112]]",0.13860856472247463,0.030984100945569183,0.0023153762106375175,0.15055239765656164,0.47000000000000003,0.0,0.47000000000000003,0.17832588390793447,0.026634050096767958,0.0022542037794996517,0.10149377987682037,0.45599999999999996,0.5429242740134278,0.45599999999999996,0.18745724089083488,0.02845574406329453,0.00225584168093776,0.14172744193882936,0.46399999999999997,0.517339234807035,0.46399999999999997
50,28,4836,1,0.0913299764730896,0.14541853655083897,True,,310001,910001,100,5,"[[0.4207932485629431, 0.5691898939564497], [0.6383807494708995, 0.7635863255887979], [0.7270689340244336, 0.7666768392198817], [0.7394401182067141, 0.6665906271148256], [0.7266575554823591, 0.4658166610089457], [0.7926578476846922, 0.05539690364520386], [0.7513237745174188, 0.29652404239404795], [0.3229569252334606, 0.18206271924157913]]",0.11180003564958198,0.022291853654460077,0.0027261503692668602,0.1422290050169165,0.606,0.0,0.606,0.1655862504121005,0.020329382174101025,0.002757611453379615,0.14595795837389808,0.5959999999999999,0.5205064092158561,0.5959999999999999,0.13870160972957296,0.014129830881320438,0.0026230034450708795,0.0766716342715639,0.594,0.4844169555150958,0.594
50,28,4836,2,0.0913299764730896,0.1654670374465163,True,,410004,1010004,100,5,"[[0.4207932485629431, 0.5691898939564497], [0.6383807494708995, 0.7635863255887979], [0.7270689340244336, 0.7666768392198817], [0.7394401182067141, 0.6665906271148256], [0.7266575554823591, 0.4658166610089457], [0.7926578476846922, 0.05539690364520386], [0.7513237745174188, 0.29652404239404795], [0.3229569252334606, 0.18206271924157913]]",0.13049115566586633,0.030857592832169677,0.0027636714249787723,0.17468412963796653,0.572,0.0,0.572,0.18480619738898169,0.026294695406898584,0.002891951183101053,0.1587187376775176,0.5599999999999999,0.5935796315262205,0.5599999999999999,0.16176459934223558,0.023077832166957926,0.002554481642562921,0.13722468937959667,0.5640000000000001,0.4481216805322551,0.5640000000000001
