reeval_rank,original_rank,sample_id,coarse_J,coarse_display_score,mean_J,std_J,median_J,p95_J,sem_J,ci95_low,ci95_high,valid_repeat_rate,failure_count,layout_json,flat_J_t,flat_mean_err,flat_median_err,flat_p95_err,flat_valid_rate,flat_dgeom,flat_usable_event_rate,hill_J_t,hill_mean_err,hill_median_err,hill_p95_err,hill_valid_rate,hill_dgeom,hill_usable_event_rate,rough_J_t,rough_mean_err,rough_median_err,rough_p95_err,rough_valid_rate,rough_dgeom,rough_usable_event_rate,n_nodes,centroid_x,centroid_y,mean_radius,std_radius,min_radius,max_radius,min_pairwise_dist,mean_pairwise_dist,std_pairwise_dist,nearest_neighbor_mean,nearest_neighbor_std,convex_hull_area,convex_hull_perimeter,area_per_node,mean_dist_to_boundary,min_dist_to_boundary,fraction_near_boundary_0p1L,fraction_near_boundary_0p15L,angular_gap_mean,angular_gap_std,max_angular_gap,lambda1,lambda2,anisotropy
1,46,4962,0.0936874556586487,0.9143379992392549,0.105058791769953,0.0045570941598535,0.105058791769953,0.1079589087345973,0.003222352182938,0.0987429814913944,0.1113746020485116,1.0,0,"[[0.19113239063291457, 0.6680805610988734], [0.7191279415887656, 0.9604629924011301], [0.5448477614178856, 0.3234408065447684], [0.41974362115846947, 0.06925196901130075], [0.5709411800725394, 0.8644636930538875], [0.6170302276211241, 0.5743293278436381], [0.5856242473572258, 0.46594695737987385], [0.3322567929343144, 0.422664786953509]]",0.0587115919564302,0.0056660486335894,0.0023373001331471,0.0167062335710501,0.659,0.0,0.659,0.128354162227771,0.0058430079894252,0.0024130072522801,0.0113430333079637,0.647,0.6937189864014056,0.647,0.10481525066784,0.0064867222466647,0.002385528892519,0.0128711616026751,0.645,0.4478487717603833,0.645,8.0,0.49758802034790484,0.5435801367858726,0.2854255488610235,0.1330308229926313,0.1173766919397573,0.4806734455215375,0.11284092264635648,0.4350545843503676,0.19336555365772698,0.1910062402322159,0.06458375751218148,0.2103358560014745,2.188304427201526,0.026291982000184313,0.23606259983624134,0.03953700759886991,0.25,0.375,0.7853981633974483,0.3436568384120028,1.4096416345834548,0.08892931032137419,0.024402054031441023,3.6443370794439067
2,26,2966,0.0905254617829553,0.9169891350955248,0.1062725514060932,0.0065141201766149,0.1062725514060932,0.1104181121014069,0.0046061785503485,0.0972444414474101,0.1153006613647763,1.0,0,"[[0.5025420556712911, 0.403220067875347], [0.8062626939230776, 0.15479428812966536], [0.728864920027161, 0.3633710879844952], [0.3788557333026085, 0.9474072140388579], [0.604875155226743, 0.6495615430261206], [0.8254599247484737, 0.5327158088758711], [0.5552286353002276, 0.8585115837441882], [0.14167078313034873, 0.641889580821068]]",0.0607527059906863,0.0029419133527542,0.0020421061970158,0.0070961499398231,0.618,0.0,0.618,0.1228874701610104,0.0035020180442589,0.0021541802398884,0.0080435407673774,0.615,0.6114849981088071,0.615,0.1163636391692267,0.003514818621474,0.0022297953430349,0.0080464380032121,0.609,0.5371803938859983,0.609,8.0,0.5679699876662413,0.5689338968119516,0.301393825406756,0.12600955431445976,0.08867248009786292,0.4778022910521925,0.19495699379834633,0.45474355822873413,0.19269680333023523,0.22984451445556114,0.060658282380477414,0.26437882383377664,2.209959451336363,0.03304735297922208,0.21123499419381997,0.05259278596114214,0.125,0.375,0.7853981633974483,0.3972834436317772,1.3642545408523485,0.09525630716484512,0.02670557371726564,3.566907349504354
3,15,4556,0.0881663116754875,0.9189771722120904,0.1087163228883963,0.00829045624655,0.1087163228883963,0.1139923369363556,0.0058622378310659,0.0972263367395071,0.1202063090372855,1.0,0,"[[0.8058650076995835, 0.7327996451625162], [0.8245386420456805, 0.5688880332680509], [0.868408841420382, 0.4489243809161878], [0.3775913514057404, 0.7586289461780319], [0.6035851592478568, 0.45365815665109455], [0.5237703257074443, 0.13184975267998064], [0.27402240984551224, 0.7595516212612548], [0.5823921029219, 0.6313693974639524]]",0.0648462426993,0.0067504377844485,0.0027122104121701,0.0220284856543273,0.632,0.0,0.632,0.1272277554626416,0.0081885333117602,0.0028090084294372,0.0222413861962747,0.6180000000000001,0.595704996134671,0.6180000000000001,0.1149399226510603,0.0072808134773753,0.0028311159865316,0.0171576580795431,0.623,0.4996625916237851,0.623,8.0,0.6075217300367625,0.5607087416976336,0.25929140443247195,0.11707631021471102,0.07499617611757431,0.4369603302227518,0.10357305144300402,0.3950312188655129,0.1701573515763194,0.1646355820006955,0.06933175570286344,0.22355135533359388,1.9671777402148987,0.027943919416699235,0.23498776717040487,0.131591158579618,0.0,0.25,0.7853981633974483,0.5693391558341603,1.9155788513127945,0.0563304577270611,0.036171136359858885,1.5573317124085195
4,32,712,0.0918806006138034,0.9158510549943352,0.1092249749775671,0.0071244182792442,0.1092249749775671,0.1137589270071038,0.0050377244772629,0.0993510350021316,0.1190989149530026,1.0,0,"[[0.5368539418674692, 0.648365663397414], [0.0778087967927921, 0.6609908325706138], [0.2922405664378724, 0.9017734596267976], [0.6825665725454289, 0.9533706197517913], [0.7416076004088679, 0.5713628364517738], [0.7390661951992631, 0.33306586648280073], [0.20844230681961368, 0.37979991990477574], [0.7390662960864613, 0.6961333795887689]]",0.0720746024987585,0.0093569311771715,0.0022038378152875,0.0252132782301046,0.5980000000000001,0.0,0.5980000000000001,0.1219508396674755,0.006097620427867,0.0022162378184784,0.010928510226744,0.583,0.5337835740691217,0.583,0.1189749709532564,0.0073452820756651,0.0022321847932417,0.0125446418812695,0.586,0.4980620145482625,0.586,8.0,0.5022065345197211,0.6431078222218419,0.3036447521277159,0.1188896904611114,0.03504408266381541,0.42477434226524263,0.12479642087159325,0.460874190169926,0.17506046699386044,0.23769774836602708,0.0747474018544237,0.31955531052226005,2.1853533699146412,0.039944413815282506,0.1953751586427263,0.04662938024820873,0.375,0.375,0.7853981633974483,0.40920850108782825,1.492391751550866,0.07342578447396975,0.048099808660477056,1.526529658200131
5,14,3264,0.088077896288145,0.9190518467578352,0.1096115185982163,0.0059353434595093,0.1096115185982163,0.1133887480462175,0.0041969216088902,0.1013855522447914,0.1178374849516412,1.0,0,"[[0.41137079933479703, 0.2508190998379826], [0.5531788544205135, 0.6644592555286525], [0.6393529409332186, 0.4412756387397377], [0.32982656167194324, 0.8718396165928567], [0.7764714221460758, 0.32540632865164926], [0.13625769151139577, 0.6596508083735163], [0.7479724009498038, 0.7200908606853091], [0.410981939940498, 0.9102460590248351]]",0.0679248462028755,0.0085875194866932,0.0022434366919652,0.0255348747795453,0.6239999999999999,0.0,0.6239999999999999,0.1251506725497957,0.0082102805411135,0.0023131319556752,0.0178389823418806,0.609,0.5745435160373047,0.609,0.1191116430703078,0.0063527617283371,0.002293893370453,0.0109340810061263,0.612,0.547726759907182,0.612,8.0,0.5006765763635308,0.6054734584293173,0.2909773917267444,0.09646344375387475,0.0789671669785403,0.3930653815106578,0.08978446548369645,0.43229500023338874,0.16708246255059686,0.19100692322635468,0.07204949947133697,0.2797079381091606,2.0250712147110863,0.03496349226364508,0.22209188702174198,0.08975394097516487,0.125,0.375,0.7853981633974483,0.45338717686163416,1.4717009617620942,0.07300433800756057,0.034393420251818005,2.12262512634816
6,44,4307,0.0935681085542525,0.914437785975714,0.111449413798381,0.0101468617550853,0.111449413798381,0.1179068370776859,0.0071749147547833,0.0973865808790057,0.1255122467177563,1.0,0,"[[0.9496885441050926, 0.49558305216819926], [0.84101552447093, 0.7991946472874266], [0.6477004110868886, 0.3442992408576916], [0.5802328699539193, 0.46270199427951064], [0.80802406154924, 0.08360580374925061], [0.06902304024393117, 0.21670210530255643], [0.16187399590827986, 0.27343590222494946], [0.3974810940445737, 0.12970178089401635]]",0.0713248069225534,0.0056874871175935,0.0022103423115867,0.0157181257321211,0.573,0.0,0.573,0.1294785622133231,0.0030716425211342,0.002188301109037,0.0063929487649525,0.558,0.5987843844932692,0.558,0.1155157238443243,0.0034296066420563,0.0021524968565532,0.0072994132965727,0.5609999999999999,0.459325768664272,0.5609999999999999,8.0,0.5568799426703569,0.3506530658454502,0.33782330041371544,0.15498901028465686,0.09104245479650301,0.530963820921557,0.10881187288625345,0.5143962995303856,0.2261838503105218,0.21464509748956062,0.09357928573598928,0.32078524772471595,2.4781292797332166,0.040098155965589494,0.17719586539040344,0.050311455894907375,0.375,0.5,0.7853981633974483,0.5704273627654327,1.9693211903213887,0.1224829145310536,0.03539842902486972,3.460122889775739
7,25,3555,0.0905245894966984,0.9169898685746484,0.1117095569359045,0.0075875310931331,0.1117095569359045,0.1165382321554809,0.0053651946884182,0.1011937753466048,0.1222253385252043,1.0,0,"[[0.7850771881272642, 0.7607935483762949], [0.4838118591972993, 0.6731581339125525], [0.6004565817528442, 0.42734346599686446], [0.11910613886626678, 0.27782241366340243], [0.22833534588664564, 0.9456735747531256], [0.5589908741460213, 0.8570394785288569], [0.10148247745627942, 0.5553553545109386], [0.6772102835781489, 0.15627703807601803]]",0.0652938900106605,0.0025799663037419,0.0019503536700425,0.0057763505799223,0.5840000000000001,0.0,0.5840000000000001,0.1319202932853293,0.0024610131130847,0.0019605492445469,0.0059192156051681,0.556,0.6243707270289072,0.556,0.117703751162299,0.0026672103815394,0.0019873553371288,0.0061322572666539,0.571,0.5031382931061013,0.571,8.0,0.44430884362634626,0.5816828759772568,0.3374480278369573,0.11989399309200903,0.09964040873826165,0.4849878427879179,0.19865606758053037,0.5091394047668312,0.1841471937357705,0.2619193117733068,0.04437239556216626,0.398189428185012,2.461805970467572,0.0497736785231265,0.18943258716549008,0.054326425246874366,0.125,0.5,0.7853981633974483,0.4340744419798478,1.3202190481955292,0.07809302858625922,0.06847353263728208,1.1404848790252071
8,7,4172,0.0844904353398321,0.9220920419520744,0.1118771794102928,0.0107827991841403,0.1118771794102928,0.1187393107912434,0.0076245904232784,0.0969329821806671,0.1268213766399186,1.0,0,"[[0.9026856993556951, 0.18654450032703226], [0.41239533727610006, 0.8713609592639263], [0.5467895394289163, 0.3734665224257184], [0.5016365860679705, 0.9164681398045448], [0.8425832012386276, 0.4400115247005735], [0.5537243599780775, 0.5422921426975769], [0.13194445504024513, 0.5004544612288693], [0.6119350083983655, 0.9332448863496872]]",0.0618538609268621,0.0052906124625201,0.0023234499672099,0.0112436177290935,0.626,0.0,0.626,0.1356608901765799,0.0047340038027841,0.0022846114833269,0.0121043148230669,0.6060000000000001,0.7079929401840698,0.6060000000000001,0.1143330763611494,0.0045288030291419,0.0023463296285358,0.0120306294539441,0.611,0.5033592616185232,0.611,8.0,0.5629617733479997,0.5954803920997411,0.3189891497926813,0.13242750759859132,0.05398443924163375,0.5316398306015293,0.09999329088622125,0.47864743045895286,0.20871526074432997,0.19929127235422192,0.10438699427316495,0.2865968161372752,2.313767499732593,0.0358246020171594,0.18566796643442562,0.06675511365031284,0.375,0.625,0.7853981633974483,0.5919837722360464,1.9342437892728528,0.09595786424133171,0.04037484713493413,2.3766743666084285
9,1,1750,0.0817036621397367,0.9244676106780324,0.1122223762823936,0.0134363091850187,0.1122223762823936,0.1207731910873549,0.0095009053388458,0.0936006018182557,0.1308441507465315,1.0,0,"[[0.7809077083672599, 0.7228830734678912], [0.6838579579726572, 0.40365324425883525], [0.4565477969630048, 0.06237309764387078], [0.672717845056195, 0.6387922373352856], [0.6360427019270756, 0.12491717296047444], [0.4175281465957448, 0.19641763325468506], [0.5501491609244239, 0.5757865441441404], [0.8088618237286634, 0.9648745375198412]]",0.0733995705885358,0.0159360080686156,0.0027886896439542,0.0412612231921959,0.641,0.0,0.641,0.1300436837536965,0.0133958178015975,0.0028973338097176,0.0419884520141394,0.6299999999999999,0.5591903013873576,0.6299999999999999,0.1154025670336456,0.0115705069491196,0.0028846351291441,0.0272454104213445,0.624,0.4562221578013848,0.624,8.0,0.625826642691878,0.46121219257312795,0.29367586470389345,0.14293131303233333,0.08173534170886311,0.5358895737130839,0.1370266953726449,0.43815799859510296,0.22769684041523255,0.16784094065464472,0.04052949457078601,0.14364354995618994,2.0576828554228723,0.017955443744523743,0.21319541384986707,0.0351254624801588,0.25,0.375,0.7853981633974483,0.6641591240187127,1.8913220970037194,0.11503386582860314,0.0068802756053699034,16.719368878017292
10,36,3816,0.0926322003587369,0.91522105944862,0.1123809305316666,0.0096493466971542,0.1123809305316666,0.1185217371668865,0.0068231184835777,0.0990076183038542,0.125754242759479,1.0,0,"[[0.8131846565494791, 0.8275463556548786], [0.24315198015660516, 0.7289640322395634], [0.6383650495361154, 0.11903582053756687], [0.6568630258912524, 0.7669014840624894], [0.15063181108968418, 0.3286403525993244], [0.6143833430319995, 0.43264431469219494], [0.5421470585701588, 0.929994005295554], [0.5203685769780029, 0.6368976517677418]]",0.0680589245459224,0.0031733774888407,0.002020204993124,0.0076030155864802,0.571,0.0,0.571,0.1345655790802574,0.0034792006292783,0.0020315128457737,0.0077476332334707,0.562,0.6497564882704097,0.562,0.1123336394202292,0.0034476172500667,0.0020328069151957,0.0075722151905697,0.556,0.4191054710052827,0.556,8.0,0.5223869377254122,0.5963280021061641,0.30122246245152373,0.13903034631606684,0.040619825870747354,0.4911809737822575,0.1676730528800153,0.4642272345794485,0.18991805301874873,0.24569969344527254,0.08077774060205686,0.34320093452267597,2.3215469028376354,0.042900116815334496,0.21713709649639912,0.07000599470444602,0.125,0.25,0.7853981633974483,0.5333579233765192,1.730514815339383,0.08190149420486317,0.0438864018889941,1.8662157451874075
11,18,2035,0.0896265506353289,0.917745625248329,0.1130164348275487,0.0109628713200558,0.1130164348275487,0.119993163414067,0.007751920651687,0.0978226703502421,0.1282101993048553,1.0,0,"[[0.5524997393453872, 0.7807810204960913], [0.24439572874403678, 0.5938151258846556], [0.5238433811330133, 0.6330741063265335], [0.4600661525546923, 0.5441547664654861], [0.7389843077401992, 0.5565283018068355], [0.42931961580115396, 0.35793006078653183], [0.8938202308995601, 0.46366189205891034], [0.8154126072741532, 0.23184280857952191]]",0.0597216201881535,0.00794850235454,0.0028451753195936,0.0366493137620351,0.699,0.0,0.699,0.1407533010284691,0.0093242726225929,0.0027423031551839,0.0501694131688637,0.6799999999999999,0.7350655439764319,0.6799999999999999,0.1108375170651029,0.0071475149318072,0.0026988223847199,0.0286139496618112,0.6779999999999999,0.5073695044724631,0.6779999999999999,8.0,0.5822927204365245,0.5202235103005708,0.2413772768571566,0.09171612915393601,0.12454733605261464,0.3708211304177708,0.10942661415970001,0.36186514100909534,0.14646927914685684,0.17314927200220204,0.045319569080431804,0.19501599532689887,1.7769068275854423,0.02437699941586236,0.27451234379106815,0.10617976910043991,0.0,0.125,0.7853981633974483,0.4798896825919033,1.4569666411682176,0.054804789765054755,0.021395025240611425,2.5615669600158206
12,21,2055,0.0901787928419492,0.9172807309827912,0.1141276248563553,0.0084661649526944,0.1141276248563553,0.11951545924018,0.0059864826486941,0.1023941188649148,0.1258611308477958,1.0,0,"[[0.5680479150903572, 0.4556192883792581], [0.22503127802769338, 0.8415226276832611], [0.5280303994116293, 0.5727693297176467], [0.26714363107348327, 0.3612902942294482], [0.43486123767945845, 0.7466801396242102], [0.8167106374208183, 0.5101058194917625], [0.7251684103489182, 0.7974319033378118], [0.9324455835504267, 0.7173059583506681]]",0.0642649907307527,0.0057925448370124,0.0022569864556998,0.0105278185136571,0.61,0.0,0.61,0.1358210325560068,0.0066357032294548,0.0022806492104759,0.0101001958061035,0.611,0.7145490736092106,0.611,0.120603443582655,0.0057023069637097,0.0023024838020757,0.0115732758551502,0.6020000000000001,0.5486542269244061,0.6020000000000001,8.0,0.5621798865753481,0.6253406701017584,0.26284715195308483,0.11617161842760981,0.06268918011369369,0.40050446068600826,0.12379633979517891,0.4038509677174342,0.1602151654150734,0.20903527918796086,0.05870483976807099,0.23103716464915425,2.013068417541122,0.02887964558114428,0.24894193683111887,0.06755441644957327,0.125,0.125,0.7853981633974483,0.46074298943607395,1.5676783581042892,0.06412212589856386,0.030260125779079834,2.119030382315672
13,19,3059,0.0898359891208809,0.9175692581107114,0.1146438913157189,0.0058719295419446,0.1146438913157189,0.1183807643937017,0.0041520811977586,0.1065058121681119,0.1227819704633259,1.0,0,"[[0.34982060417514244, 0.8277556815451598], [0.1742538914525335, 0.7440032903946995], [0.8526528334522373, 0.3087478618592836], [0.8733367190065485, 0.8192673512007617], [0.4828987702032096, 0.7117045583720908], [0.7519357215423313, 0.2839515098963883], [0.7446599292048407, 0.3854275822404513], [0.18497066844861001, 0.41850093882532535]]",0.0760540852946291,0.0058679215057475,0.0020548940810901,0.0152117353901426,0.541,0.0,0.541,0.1276671146034653,0.0076145348189759,0.0021913922193495,0.0172437448037548,0.5429999999999999,0.5051745049379969,0.5429999999999999,0.123938402104759,0.0069780678824665,0.0021473558649633,0.0166487915090836,0.535,0.4605363410492404,0.535,8.0,0.5518161421856818,0.56241984679177,0.34007805862767904,0.08226174627711172,0.1644248438423768,0.4189579933231719,0.10173657362284128,0.48733932206219055,0.20571269492468922,0.19819051059410892,0.1045796715606537,0.3222203300226811,2.2411585487943326,0.040277541252835135,0.19964738959724188,0.12666328099345148,0.0,0.25,0.7853981633974483,0.6148390459820163,1.8200620154572529,0.09761366674549163,0.04229499709511525,2.3079246589371505
14,40,621,0.0931615666913832,0.9147778612695372,0.1153902105383123,0.0097924324754324,0.1153902105383123,0.121622076405233,0.0069242954076896,0.1018185915392405,0.128961829537384,1.0,0,"[[0.8891276210692024, 0.603641798098141], [0.14308483312927558, 0.50517199479791], [0.46588367993765706, 0.8446743907989689], [0.5577909754375074, 0.6409724217598444], [0.7288247499529351, 0.7669430135012498], [0.9117597105810424, 0.2980099475873434], [0.8233813376374776, 0.3756997931702848], [0.41758454037738374, 0.9468519596357006]]",0.0777202415790097,0.0066170957210969,0.0021549768044399,0.0176418283483871,0.537,0.0,0.537,0.1267922623441286,0.0049434458185847,0.0021303870063958,0.0089068838359306,0.528,0.5109564657498624,0.528,0.1281336102168603,0.0046456243481211,0.0021537696311781,0.008102707186228,0.526,0.5251226710433744,0.526,8.0,0.6171796810153102,0.6227456649186803,0.30187838315711135,0.12932024792234592,0.06212272543243622,0.48845623416816986,0.11301797403797238,0.45378728235203913,0.20149734931714006,0.1939274760113069,0.10332328936697432,0.277355609654036,2.2109288895455776,0.0346694512067545,0.1649217972682237,0.05314804036429943,0.25,0.5,0.7853981633974483,0.6046042754750005,2.0232309022040345,0.08941449999211995,0.03384753971102143,2.64168387881394
15,34,1559,0.0921598147277812,0.9156169147729062,0.1156669739135459,0.0112217623265868,0.1156669739135459,0.1228084597277398,0.0079349842379932,0.1001144048070791,0.1312195430200127,1.0,0,"[[0.23273246588326005, 0.06150348895160909], [0.5252395717180278, 0.6095150227634328], [0.5746429991597304, 0.3914029773055562], [0.43805946122115147, 0.41384580393412945], [0.7467000731850915, 0.09950457208950705], [0.8909525562258666, 0.8030949009276285], [0.722457237790973, 0.8134194563569428], [0.6173311182604725, 0.8463429800154795]]",0.0608849738418501,0.0081575983097625,0.0026661955613403,0.0227135153415232,0.664,0.0,0.664,0.1447798612173377,0.0060185409163073,0.0027206553513624,0.0165424987586578,0.625,0.8085876817740203,0.625,0.1122231993776581,0.0056689767581232,0.0026223420066617,0.0147185263456433,0.6379999999999999,0.5095660193280974,0.6379999999999999,8.0,0.5935144354305717,0.5048286502930357,0.31537378838720675,0.1527013408417731,0.11498484421691002,0.5715774910096086,0.11016106125866486,0.477542480696536,0.22932368523133867,0.20335171816382314,0.10444479192018975,0.29376147514238615,2.384621943165665,0.03672018439279827,0.225753353364885,0.06150348895160909,0.25,0.375,0.7853981633974483,0.5828865250399418,1.9962444413787503,0.11542869507556879,0.02488939166337296,4.6376663856125
16,41,1294,0.0932106354317947,0.9147368014810991,0.1161051468315281,0.0046923540409057,0.1161051468315281,0.1190913426573754,0.0033179953620525,0.1096018759219051,0.1226084177411511,1.0,0,"[[0.10145073608990178, 0.8499603972830947], [0.5089294371328259, 0.9088703597389947], [0.4473579977317768, 0.2887486778611511], [0.28712505310442654, 0.8075253684246079], [0.2890713984614742, 0.7222422659573366], [0.656065136340344, 0.4058556819700113], [0.602412074579821, 0.20157903947497366], [0.894328662138115, 0.06381914853113897]]",0.0752011462308583,0.0129950110474931,0.0024154277711549,0.0336779708649546,0.605,0.0,0.605,0.1329003533514681,0.0085015415292294,0.0024557245277559,0.0175985938432891,0.5780000000000001,0.6049508151032811,0.5780000000000001,0.1234187343923179,0.0068396855679489,0.002331871664844,0.0115710207793285,0.5760000000000001,0.5326956965294238,0.5760000000000001,8.0,0.4733425619473357,0.5310751174051636,0.3645287923973826,0.1283492937254802,0.2215117292684672,0.6289335712157877,0.08530530948711214,0.5210659944976191,0.2643342344813336,0.18683526288456992,0.07341631993721437,0.27208533597121515,2.5004180763127595,0.03401066699640189,0.1951118089369853,0.06381914853113897,0.25,0.375,0.7853981633974483,0.7929396335068108,2.17278849258701,0.15332176540920534,0.01736941366110743,8.827112325185416
17,9,2954,0.0860838304883541,0.9207392393921868,0.1163334316922864,0.0067784402384891,0.1163334316922864,0.1206472046449395,0.0047930810585034,0.1069389928176196,0.1257278705669532,1.0,0,"[[0.27145955785803116, 0.6298853821859499], [0.815049875290244, 0.05997578162825022], [0.6423068037635123, 0.20257020076427637], [0.8181579051264152, 0.8677022699035325], [0.6536371484189173, 0.514022902349478], [0.7363571450682326, 0.3044410912081285], [0.9290503150431432, 0.9355711628960827], [0.7067171732120383, 0.9794102240831806]]",0.0726882598284806,0.0092583483955596,0.0025487067472504,0.0199066768349294,0.583,0.0,0.583,0.1365331037579308,0.0107931609483556,0.0025413004615037,0.0189956834916833,0.571,0.6162747628366576,0.571,0.1195792594248034,0.0083438887063149,0.0025737943234447,0.0154913507611753,0.563,0.4562710427860907,0.563,8.0,0.6965919904725668,0.5616973768773599,0.3526404358607179,0.13082590520704146,0.06417144207015793,0.5155160808498503,0.13001274250308642,0.5175119138336399,0.23567563814887785,0.1929718259507464,0.08636399049409896,0.32933117356895936,2.457616726553445,0.04116639669611992,0.1701659487350765,0.02058977591681943,0.375,0.5,0.7853981633974483,0.7292570149959717,2.35347258824605,0.12372972754105127,0.037951066147267475,3.2602437850078676
18,29,3774,0.091610370917256,0.916077775222786,0.1175117376432018,0.00332555764484,0.1175117376432018,0.1196281095689056,0.0023515243618931,0.1129027498938912,0.1221207253925124,1.0,0,"[[0.3235083018678234, 0.36986085671388347], [0.29911199414044654, 0.0812335873350671], [0.2768192716294403, 0.6301877162446133], [0.746169063205677, 0.9671306824083581], [0.8149115887458503, 0.39668908488216115], [0.4877755582549517, 0.5696706916457929], [0.42187776588216347, 0.30485584205276967], [0.716106802904394, 0.7668295633749412]]",0.0689946099948687,0.0105592839942966,0.0025319158752543,0.0366431073247843,0.645,0.0,0.645,0.1422082707062266,0.0064700823447702,0.0025150058666479,0.015019961254183,0.6419999999999999,0.8109074527482512,0.6419999999999999,0.1166357991654852,0.0073859805219805,0.0025123122304839,0.0110473067552455,0.639,0.5584791590402031,0.639,8.0,0.5107850433288433,0.5108072530821983,0.3037425226781365,0.13526127169577187,0.06320079748623202,0.5134556543318657,0.11790760527446972,0.4610019208330066,0.20043620651544644,0.21312419979510627,0.07485507875562296,0.2905408171911622,2.3063633860871966,0.036317602148895275,0.23348430958876976,0.03286931759164191,0.25,0.25,0.7853981633974483,0.5020730335481426,1.6193457498446397,0.09975094389454556,0.026597778052466662,3.7503487583728714
19,5,1081,0.0840246928788716,0.922488211356399,0.1184311029699174,0.0055261411856091,0.1184311029699174,0.1219479176854421,0.0039075719061384,0.110772262033886,0.1260899439059489,1.0,0,"[[0.8081362355968982, 0.7496650219215876], [0.13828454956739825, 0.915725400632758], [0.6131255339787489, 0.5741610785344831], [0.4763154568427257, 0.3085720033503539], [0.051775907935835835, 0.19694001625305263], [0.8990520754435154, 0.2820287870272611], [0.27952134928582856, 0.6252514535681447], [0.6430437087350923, 0.39212297161735377]]",0.0638491543307285,0.0040952490630312,0.0021426328866684,0.0096876408412149,0.6059999999999999,0.0,0.6059999999999999,0.1447562035269013,0.0027710302487788,0.0020845283854264,0.0059435857000622,0.573,0.7767616420493217,0.573,0.1203628504951387,0.003592609059359,0.0021319854110827,0.0067423499053648,0.5780000000000001,0.534234714468177,0.5780000000000001,8.0,0.4886568521732555,0.5055583416131244,0.3394700214501336,0.1537674307617152,0.1421224410974506,0.5394420884007347,0.18448026873008208,0.5215888120760351,0.21306098035283655,0.27267972393901346,0.0835496887785101,0.4498991066783367,2.74203100625378,0.05623738833479209,0.22009828827312566,0.051775907935835835,0.25,0.375,0.7853981633974483,0.4944023618924936,1.625285023002168,0.09711178433070165,0.06161315078519898,1.5761535174407983
20,48,777,0.0937449114327509,0.914289967932331,0.1198288848880455,0.0050418737099829,0.1198288848880455,0.1230375136692391,0.0035651430902151,0.1128412044312238,0.1268165653448672,1.0,0,"[[0.7032281626257518, 0.3880637194788733], [0.8434614726891783, 0.7339082746141239], [0.5917152065037193, 0.26350837283919765], [0.6852191862130594, 0.06941814361336729], [0.389349744119849, 0.4352979449008754], [0.20397002879225362, 0.2847799911954127], [0.5026232424620964, 0.8913124340821171], [0.49385355074578025, 0.6372293370877566]]",0.0662749354703529,0.0084416850489073,0.0019791367657961,0.0062539239944819,0.5960000000000001,0.0,0.5960000000000001,0.145079848830306,0.008880257852904,0.0019832039760472,0.0058328746049207,0.579,0.7618387041502301,0.579,0.1228809064212171,0.0055250591809161,0.0019867533276799,0.005686921841788,0.575,0.5493855323726842,0.575,8.0,0.551677574268961,0.4629397772264654,0.29454648688597274,0.11539552497059968,0.1646644932437925,0.43117219368900395,0.16718006388204337,0.44588970521575433,0.1729809062130414,0.23253689528963084,0.05738978558317204,0.30380168465929436,2.2618140354268914,0.037975210582411795,0.23137686035998298,0.06941814361336729,0.125,0.25,0.7853981633974483,0.4821323477195434,1.4191197221308443,0.0753390408006535,0.03903097076518515,1.9302374325737863
21,23,983,0.0903383520717033,0.91714649686489,0.1198956281217363,0.0069329531371581,0.1198956281217363,0.1243077324809761,0.004902338176933,0.1102870452949474,0.1295042109485251,1.0,0,"[[0.37979171430139497, 0.1033246903247359], [0.9010232550085571, 0.7177045658390353], [0.18827639195033974, 0.449204962714146], [0.5550374316002404, 0.3019694073321323], [0.7324305856181165, 0.9215181590055731], [0.671630273265729, 0.10504953460731532], [0.9722537832261344, 0.8827141631955474], [0.793453774106785, 0.3663819651445667]]",0.0792272684956931,0.0067468684938116,0.0022478402945323,0.0119705922449262,0.516,0.0,0.516,0.1330322748360893,0.0044025580307532,0.0022249221587756,0.0092460530871456,0.504,0.5387730779610667,0.504,0.1325754273972462,0.0044655096121265,0.0021972320130514,0.0116169310150029,0.502,0.5238086876728841,0.502,8.0,0.6492371511346622,0.4809834310203815,0.37480908168760896,0.11602727098308309,0.18420621683963045,0.5154874642333337,0.17972744745840388,0.5437894710414968,0.2369924301164527,0.24589574562813923,0.06324933120102975,0.3655910683973829,2.4854385672490826,0.045698883549672865,0.13879638160843422,0.027746216773865573,0.375,0.625,0.7853981633974483,0.5581076937051592,1.8262754467586464,0.13900348638708449,0.036932713986961796,3.763695417459879
22,6,2891,0.0842873220887118,0.9222647721027066,0.1206425857847804,0.0124134805212387,0.1206425857847804,0.1285424764140059,0.008777656254695,0.1034383795255781,0.1378467920439827,1.0,0,"[[0.5432622380178218, 0.5371973123357652], [0.6467792658513096, 0.2001916979154007], [0.6610048528171668, 0.8259185887541224], [0.7019638257459307, 0.3081495351140075], [0.8744126287986427, 0.22529619025881795], [0.32825181457259595, 0.592387370667402], [0.4292147931377261, 0.8319979049458359], [0.8573934026368893, 0.4156753272707845]]",0.072382147393025,0.0139776560477413,0.0028703567733641,0.0653073405718046,0.69,0.0,0.69,0.1403546795210714,0.0129898741374746,0.0029698938812972,0.0614079580093209,0.6809999999999999,0.6823684875641151,0.6809999999999999,0.1294788367039539,0.0149153668612452,0.0030449184814862,0.0835767982501297,0.6779999999999999,0.4939388214135469,0.6779999999999999,8.0,0.6302853526972604,0.49210174090776704,0.27968332095857285,0.09090125008184703,0.09801343301266618,0.3949161585063063,0.12124450611621096,0.40825039765796334,0.17610631784989617,0.19129075297646655,0.04329447354009937,0.21676449069533807,1.8721116266116011,0.02709556133691726,0.2366868654485942,0.12558737120135732,0.0,0.25,0.7853981633974483,0.6453568803018672,1.9478210939561347,0.07976670925626234,0.019074201931004585,4.181915948294737
23,42,1411,0.0934890787538127,0.9145038751915502,0.1213006975323262,0.0151640989113926,0.1213006975323262,0.1309510709860726,0.0107226371708293,0.1002843286775008,0.1423170663871517,1.0,0,"[[0.32423186893249883, 0.7214866910139014], [0.2655529012620975, 0.15152706635576058], [0.7103351415255991, 0.3185840998946323], [0.9100885586441135, 0.9254012474947273], [0.3586665778524895, 0.3650580818858787], [0.7019939736963273, 0.5478393694640039], [0.7431629091606009, 0.8634854723195722], [0.508337618146721, 0.5932093624686674]]",0.0695257352832258,0.0083848166399897,0.0021554789189951,0.0176752259841016,0.597,0.0,0.597,0.1457729773692456,0.0086792852133228,0.0021811498077859,0.0142739021932147,0.5800000000000001,0.7458512836528595,0.5800000000000001,0.1241311001075879,0.0089166823296365,0.0022031580880773,0.0108451742249885,0.5820000000000001,0.5416504079175491,0.5820000000000001,8.0,0.565296193652556,0.5608239238621431,0.30246016412031773,0.14506926618476254,0.06552172126395084,0.5073164287677582,0.17803857916483404,0.4661052406340987,0.1998775405489225,0.2091965010074915,0.022139783290958406,0.2792402201705182,2.3072717975040615,0.034905027521314774,0.24928521946118193,0.0745987525052727,0.125,0.25,0.7853981633974483,0.5181390001618872,1.5142360162138884,0.10333991463897575,0.02526264864225284,4.090620746161011
24,37,3972,0.0926396345539173,0.9152148323891448,0.1214748482081494,0.0060635290537737,0.1214748482081494,0.1253336544688099,0.004287562511845,0.1130712256849331,0.1298784707313657,1.0,0,"[[0.8175379429376534, 0.23949033980702716], [0.4309336162676848, 0.1551644007774899], [0.6259829396005657, 0.26558072054678544], [0.4658457913597233, 0.6251074996846469], [0.04845343494094823, 0.8598315863360316], [0.20085835876727967, 0.25972220472614316], [0.4285499830434068, 0.31449557846808907], [0.9684752764293646, 0.37359477569583555]]",0.0716479181394172,0.0037931503249983,0.0022825276588513,0.00813666831056,0.55,0.0,0.55,0.1430206718246542,0.0034000427857308,0.0022545263800918,0.0084012316184151,0.545,0.707202830855508,0.545,0.128210131043872,0.0041595815349442,0.0022762700085969,0.0084429501955118,0.545,0.5555543429449359,0.545,8.0,0.49832966791832833,0.3866233882552561,0.3195224837029008,0.16430274751370716,0.10035748784189998,0.652927732393695,0.15934900655988152,0.4891576741282279,0.23619409567006924,0.24164332324131182,0.10074255342319878,0.3117929386538198,2.5100874931730845,0.038974117331727474,0.19667897180611593,0.031524723570635405,0.25,0.25,0.7853981633974483,0.4743483610177097,1.7338778003139454,0.11120783139090565,0.03632360910306404,3.061585402358182
25,49,2990,0.0937490489803955,0.9142865092611604,0.1217429245241849,0.0106760481258007,0.1217429245241849,0.1285371199476097,0.0075491060260276,0.1069466767131707,0.136539172335199,1.0,0,"[[0.8450760339419418, 0.20665409680766827], [0.47886365214556714, 0.8245602716412149], [0.39844762998936206, 0.3597163085843969], [0.5868779076317018, 0.4051260762149461], [0.35607452538898116, 0.02577971258295275], [0.747008930994715, 0.8471491610170478], [0.6152547564958925, 0.9585610731177227], [0.5945890711306184, 0.5458636580085054]]",0.0813651853539187,0.0137596628947147,0.0024548074366372,0.0875777901709905,0.6739999999999999,0.0,0.6739999999999999,0.1425683946089557,0.0123523644923979,0.0024852968184578,0.0560467871690365,0.663,0.6964579443666566,0.663,0.1204697235249094,0.0113121108667664,0.0024240051313221,0.0515084444564053,0.66,0.4892674029794298,0.66,8.0,0.5777740634648475,0.5216762947468069,0.3085377191623654,0.16026578161426858,0.029457987445738736,0.5431980351444993,0.14094867495512622,0.4781440249269599,0.21835042556930667,0.20928677996875406,0.07276868741999298,0.2911820873838789,2.3414511794856936,0.03639776092298486,0.2150858108167188,0.02577971258295275,0.25,0.25,0.7853981633974483,0.6633274155301759,1.9897090166224496,0.11277446321740582,0.02537484524241943,4.44434092661497
26,10,1892,0.0872656784189633,0.919738404190354,0.1226610379368663,0.0068568460534393,0.1226610379368663,0.1270247080446116,0.0048485223419391,0.1131579341466655,0.1321641417270672,1.0,0,"[[0.5283912685582366, 0.0678077699793085], [0.8331348435114105, 0.7372605299366111], [0.6982333349800935, 0.3420324420412882], [0.5541829113118938, 0.368485239207514], [0.3371146179246369, 0.6220949099795381], [0.8911918532919268, 0.9571257183557255], [0.9174094731002314, 0.480897400177296], [0.4602863342335115, 0.9486109513315]]",0.07594072664507,0.0077473050074302,0.0021026985686855,0.0170147979724212,0.5509999999999999,0.0,0.5509999999999999,0.1431944598539843,0.0052046550894791,0.0020586490443172,0.0103403680195181,0.533,0.6770025465786325,0.533,0.1283145053944267,0.0061612642852578,0.0020777757354125,0.0102474630128411,0.523,0.5091769756220836,0.523,8.0,0.6524930796139927,0.5655393701260977,0.33703413655955666,0.10669792439989166,0.22021630208425835,0.5129697898434193,0.14645912411627118,0.49883757104212195,0.19188941922018724,0.24897040113548025,0.07249776840215043,0.3534709774943331,2.4107084660979563,0.04418387218679164,0.1773616632290623,0.04287428164427454,0.5,0.5,0.7853981633974483,0.3852002212929872,1.285469622163669,0.09919562667294232,0.04363460907299012,2.273324518778479
27,35,3823,0.0921832213969519,0.915597292110892,0.1244050968416241,0.0003382084466962,0.1244050968416241,0.1246203313791263,0.0002391494861134,0.1239363638488417,0.1248738298344065,1.0,0,"[[0.44379575244428426, 0.4204312809758916], [0.6212973682572338, 0.3769629738363132], [0.4852308055606169, 0.16425643919053032], [0.8390528507963422, 0.5790840313631307], [0.833116310705737, 0.3172283277277879], [0.6251825867849938, 0.9024712834937455], [0.2844692500388591, 0.860500077791094], [0.8668319770615498, 0.9771558659651861]]",0.0756680801429579,0.0083595014469863,0.0021526970498074,0.0086876816393802,0.538,0.0,0.538,0.1444597609473132,0.0054275571454205,0.0020431830183189,0.0067465000794904,0.512,0.6679341020802689,0.512,0.1330327853289122,0.0057515695583788,0.0020124989903874,0.006838459795985,0.511,0.5504304108884623,0.511,8.0,0.6248721127062022,0.57476128504296,0.332057007140276,0.10162679882304353,0.1978306111654031,0.46953804394791293,0.18274659324263384,0.4892902545827306,0.19033921714071905,0.2436429961582747,0.048070613551691295,0.32665400869261224,2.3593630385987607,0.04083175108657653,0.19366928815632878,0.02284413403481389,0.25,0.375,0.7853981633974483,0.31858093757171524,1.4041393282225756,0.09315612342119489,0.044660861984492706,2.085855921310719
28,12,4733,0.0874870164982471,0.919551208271011,0.126395507435561,0.0148905268719782,0.126395507435561,0.1358717807095157,0.0105291925266163,0.105758290083393,0.147032724787729,1.0,0,"[[0.8749095325703975, 0.7941309932314911], [0.8295051306829324, 0.9381465985992499], [0.3340204845972743, 0.8923493037517022], [0.6994700278174452, 0.27419367366067493], [0.5221673406218096, 0.039167371902799314], [0.5577661234142307, 0.26544062810446417], [0.19629041970693334, 0.14231468123894533], [0.52980674913613, 0.6278637309719961]]",0.081179094683022,0.0123470884163646,0.0020666897980651,0.0115763496521933,0.519,0.0,0.519,0.1464793773181815,0.0074042808056488,0.0019942112348239,0.0053260503603962,0.507,0.6759963584752071,0.507,0.1314441804228589,0.008092285059578,0.0020678950900258,0.0131340888903266,0.506,0.4976242547895088,0.506,8.0,0.5679919760683941,0.4967008726826654,0.37500863912561855,0.13527151179389962,0.13660822431499342,0.5135675415050266,0.14197398469305722,0.5540492311979428,0.23727137176432406,0.22686953937513823,0.08662475403094949,0.4130065307476493,2.5961294819939202,0.051625816343456164,0.17348089862669225,0.039167371902799314,0.25,0.625,0.7853981633974483,0.6331512193202009,1.8068005245722762,0.14080244908391276,0.040831678141065024,3.4483630233729152
29,16,833,0.0883154154401842,0.9188512684951138,0.1281970851571819,0.004373168794165,0.1281970851571819,0.1309801527358467,0.0030922973096274,0.122136182430312,0.1342579878840518,1.0,0,"[[0.4186323705014458, 0.5570650301629902], [0.5773009200621386, 0.5940127711774877], [0.14446109152161293, 0.062038215564069576], [0.7871950897349701, 0.2781660660229858], [0.8752508673386319, 0.6396973027904383], [0.4069782690818834, 0.9617810433563412], [0.8346747863756792, 0.20485362462138984], [0.540331402331155, 0.8710699656976509]]",0.0857078543670372,0.0152839470723663,0.0023892017038581,0.0537669272815747,0.5820000000000001,0.0,0.5820000000000001,0.1471100474340556,0.0089855348977758,0.0024230010607825,0.0109645358011649,0.565,0.7452719598970706,0.565,0.1322965614569821,0.0106715988110695,0.0023763703809397,0.0394998165386664,0.566,0.5054439703040086,0.566,8.0,0.5731030996184396,0.5210855024241692,0.34262269835446024,0.16195306312160745,0.07304798576481279,0.628059219085986,0.0873443510328871,0.5238265976639304,0.2321162265434588,0.21129887651811743,0.1475922755256221,0.40034548119205243,2.6471737643416167,0.050043185149006554,0.19458575779809428,0.03821895664365882,0.25,0.5,0.7853981633974483,0.5117599006332502,1.4422382850791777,0.10105117095751051,0.06308495256496124,1.6018268517116478
30,22,187,0.090335343273246,0.9171490277458544,0.1289364564863451,0.0061844619014927,0.1289364564863451,0.1328722239400269,0.0043730749485354,0.1203652295872157,0.1375076833854745,1.0,0,"[[0.6606823639913848, 0.5076220308579663], [0.5920988393975962, 0.1662731761483517], [0.8640524965069413, 0.8285586224154694], [0.6899253694540818, 0.8616453469665759], [0.23580210507445462, 0.5904494957503703], [0.1935620547761555, 0.13932059652464857], [0.47883510198692736, 0.5987277420129323], [0.9764533449205669, 0.02764365791388418]]",0.0789681423680061,0.0100693680421111,0.0021793910108097,0.0251230891635203,0.554,0.0,0.554,0.15455568583623,0.0114961695722921,0.0022149371312819,0.0246168163566638,0.541,0.7314736462169936,0.541,0.1276663119049142,0.0110758508625561,0.0022144711685154,0.0222264182373242,0.538,0.467142535455667,0.538,8.0,0.5864264595135136,0.46503008357377473,0.36150886476855726,0.1582430524160827,0.08560381605562972,0.5860271808473236,0.17724273671212443,0.5544341857205447,0.2203540991346613,0.2700817305529043,0.09278674979970504,0.47504446952324214,2.758862627400806,0.05938055869040527,0.1974793229186317,0.0235466550794331,0.125,0.5,0.7853981633974483,0.31494269642487355,1.3633427932777327,0.10302409248082377,0.07495250516970206,1.3745250041684938
31,20,1376,0.0900631052908721,0.9173780812746252,0.129094506803145,0.012501052908888,0.129094506803145,0.1370501281586069,0.0088395792838465,0.1117689314068059,0.1464200821994842,1.0,0,"[[0.3701461264505664, 0.6890486780883609], [0.7554471457003957, 0.5732914554085359], [0.12851804261145333, 0.7392890873031642], [0.5402722264391797, 0.5317728510085641], [0.4707096807856582, 0.2631178278356465], [0.7667970752651362, 0.38050606055010944], [0.45199348595700867, 0.5607131811048279], [0.6127467828825306, 0.12072751514039978]]",0.0817700083666624,0.0175680796493081,0.0029879933131554,0.1037145750815793,0.7150000000000001,0.0,0.7150000000000001,0.1598559747060569,0.018495925654081,0.002871738421306,0.1012826002549399,0.6839999999999999,0.7374802808523848,0.6839999999999999,0.1148960694338039,0.0128147481596463,0.0029539363957602,0.0544396172864798,0.7,0.4779754757601914,0.7,8.0,0.5120788207614911,0.48230833205495105,0.25008729624327236,0.12352941894011321,0.05693511007295117,0.4616903498049364,0.09290144631381807,0.3856110063496652,0.17070435254691296,0.17166153634957398,0.05133986074191281,0.18379113428138474,1.9317441790178065,0.022973891785173093,0.2750106348736999,0.12072751514039978,0.0,0.25,0.7853981633974483,0.5487747145691466,1.9745524285679936,0.06765715483113927,0.021260757267091885,3.1822551746950842
32,2,2105,0.0834897831831185,0.922943635944735,0.1291777904529225,0.012951235673065,0.1291777904529225,0.137419906365175,0.0091579065691694,0.1112282935773505,0.1471272873284946,1.0,0,"[[0.272229667986514, 0.15372735152664496], [0.9796847721640042, 0.45050873952904513], [0.7497251102856226, 0.9758551596596663], [0.8166587883507223, 0.7744275168831884], [0.37867300273177906, 0.6850544532123043], [0.7449357966856764, 0.34769050498984955], [0.5622583775764535, 0.3474575725611519], [0.6637592506624349, 0.7467877448653476]]",0.0861140546308535,0.0049750649630247,0.0018352016242095,0.0130842513249747,0.4669999999999999,0.0,0.4669999999999999,0.1472779140819154,0.0057089787802791,0.0018412375662993,0.008212797293124,0.4619999999999999,0.615450344428526,0.4619999999999999,0.1360412790170058,0.0049205725964837,0.0018854298335336,0.0080761331731041,0.4590000000000001,0.5025418139665689,0.4590000000000001,8.0,0.6459905958054009,0.5601886304033997,0.31890910352176577,0.1132624808179639,0.18744320370024495,0.5521847538552311,0.155377687016155,0.4741702520621863,0.19222029710595584,0.2231401073516484,0.065344931857089,0.30458657800634237,2.3540162293022795,0.038073322250792796,0.19402602614375947,0.02031522783599582,0.25,0.25,0.7853981633974483,0.40594392687815134,1.2642736272268054,0.09113509433785333,0.03975794094225629,2.292248848355006
33,45,213,0.0936165037083879,0.9143973199097306,0.1305138331420447,0.0015196887935054,0.1305138331420447,0.1314809571681075,0.0010745822511808,0.1284076519297302,0.1326200143543592,1.0,0,"[[0.7642781973651931, 0.3330270166238924], [0.27949122615462335, 0.2555644867235565], [0.48646556684458847, 0.3855411876946755], [0.8915199755501655, 0.7143553363551312], [0.5170929549761962, 0.9381100884977573], [0.28447274020584884, 0.3947078119300434], [0.34205510510084997, 0.6202548169944403], [0.5271061524908897, 0.45586018606555156]]",0.086529680594051,0.0160729863833009,0.0026835250456871,0.1073227890718854,0.6859999999999999,0.0,0.6859999999999999,0.1546596526837936,0.0134959855688208,0.0026041082899502,0.0658804369103727,0.663,0.7827232810471249,0.663,0.1262063466065405,0.0137051917931054,0.0026419092866818,0.0739178272144354,0.672,0.4866366213531249,0.672,8.0,0.5115602398360444,0.5121776163606311,0.26954437047317537,0.12599058302275112,0.05842369686448487,0.43040124445233574,0.08121833988427499,0.41350108012275555,0.17710477600573524,0.21320461887147632,0.11571098097582512,0.26728577591670233,2.0640017815911875,0.03341072198958779,0.2661981805471708,0.061889911502242656,0.125,0.25,0.7853981633974483,0.2870685513206348,1.105670096459261,0.0655405112952692,0.03563411117809439,1.8392632544616232
34,4,550,0.0839925446611164,0.9225155698027658,0.1312082616191869,0.0092935325817409,0.1312082616191869,0.1371226295379413,0.0065715199097271,0.1183280825961217,0.1440884406422521,1.0,0,"[[0.28836856762798835, 0.6976228896766088], [0.6372195441394609, 0.8927273252890774], [0.7987107538352851, 0.910935384488802], [0.3373413411190676, 0.30235327518305655], [0.9171778579034184, 0.5636348442644333], [0.4866592926577101, 0.5392456426071444], [0.5026011832875548, 0.03400990923093708], [0.9181901272816776, 0.32465211412288864]]",0.0762746477169304,0.0022475021867296,0.001874416479361,0.0048775724430069,0.508,0.0,0.508,0.1579160002018601,0.0022920180365272,0.0018849603823367,0.0049721866314295,0.475,0.7664293609599401,0.475,0.132726398356097,0.002981366535951,0.0018950765808469,0.0051376859600825,0.481,0.5199347762689426,0.481,8.0,0.6107835834815203,0.5331476731078685,0.3520768372094806,0.10275826340328569,0.1242739908610322,0.5107268732304877,0.16251444313919097,0.5218110544657877,0.1875672542295776,0.2382157119730432,0.049514612647776,0.3840216221408712,2.388729515313367,0.0480027027676089,0.18080692680898278,0.03400990923093708,0.5,0.625,0.7853981633974483,0.2911127027624142,1.18826114332136,0.09684884647804932,0.05688527923291077,1.7025291566472223
35,27,1136,0.0907919017122918,0.916765148723813,0.1317622828338516,0.020055482765813,0.1317622828338516,0.1445255139111604,0.0141813678636763,0.103966801821046,0.1595577638466573,1.0,0,"[[0.8962118876513651, 0.6349288691659213], [0.12411658262896733, 0.8794322505750877], [0.5066395252493792, 0.7989714732187049], [0.8951678113934562, 0.3693465416972382], [0.6577641523439963, 0.16256489016360404], [0.7626092886883918, 0.7673935118568569], [0.4625776595475111, 0.6695388126613869], [0.5458662404616458, 0.6044979327550706]]",0.0874575748149879,0.0145025532858388,0.0023441150393071,0.0532714194545349,0.5670000000000001,0.0,0.5670000000000001,0.1535779113761133,0.0129298533958813,0.0023645596225179,0.0432459406379563,0.549,0.671356951565798,0.549,0.1324357337681921,0.0100405920687746,0.002381408113696,0.0317054486487205,0.5609999999999999,0.5255583274262738,0.5609999999999999,8.0,0.606369143495589,0.6108342852617339,0.29009750868415907,0.15142798719910855,0.06083379520154431,0.5520076081295332,0.10567546436935218,0.44910417743446235,0.20754691803723083,0.21195838272280687,0.09673613787335524,0.27772732501001895,2.310492268248136,0.03471591562625237,0.20641890125645945,0.10378811234863494,0.0,0.375,0.7853981633974483,0.4255318723486481,1.5806022504994797,0.09264552955731056,0.029739613130608474,3.1152230915189123
36,33,2562,0.0920866230401156,0.9156782794539065,0.1323555626756751,0.0127493538464529,0.1323555626756751,0.1404692017801914,0.0090151545605736,0.1146858597369507,0.1500252656143995,1.0,0,"[[0.42754444829798427, 0.49221321261445145], [0.7563571287484026, 0.7381256661860788], [0.4268629436722737, 0.7153119802680104], [0.7508658470423888, 0.36711382700611983], [0.9185876420471778, 0.25352101655871984], [0.8299856355030847, 0.6928249408797689], [0.12834168866614187, 0.16246098297230072], [0.5821340529103424, 0.546909111140303]]",0.0977624994687005,0.0172063476631196,0.0027018361235685,0.1075654767343224,0.615,0.0,0.615,0.150984097310238,0.0100327481955341,0.0026564561664012,0.0264475079014447,0.5970000000000001,0.7808510825181425,0.5970000000000001,0.1296915566135238,0.0119064950655405,0.0027773398632386,0.0476620302130156,0.6000000000000001,0.5003502477012586,0.6000000000000001,8.0,0.6025849233609745,0.4960600922032191,0.28412981492155587,0.14702501708241483,0.054807488804473226,0.5798232587034434,0.0864483239872354,0.43919912628066243,0.2025785950923704,0.1967945815041492,0.1054757936786181,0.30070597740873506,2.288654872167542,0.03758824717609188,0.25033048130558994,0.0814123579528222,0.125,0.25,0.7853981633974483,0.5575821913432316,1.8127973895007496,0.07694911697415674,0.040017862883491184,1.9228692246307095
37,31,2244,0.0918610904917126,0.9158674200485124,0.1354481325031807,0.0068556697171523,0.1354481325031807,0.139811053995097,0.0048476905465736,0.1259466590318963,0.1449496059744651,1.0,0,"[[0.73030787938661, 0.8913458090295584], [0.5637619930785372, 0.47256534037646153], [0.1126181644184064, 0.959169344888628], [0.5459791605888795, 0.8494114795395811], [0.2980174264196139, 0.6184128112799931], [0.8050560172247018, 0.21926499597502158], [0.9663496577747119, 0.7328565521990729], [0.8529255015435567, 0.7538853670829339]]",0.0893274456377123,0.0051723868690028,0.0018210456169734,0.0059995718222035,0.432,0.0,0.432,0.1570894811205264,0.0056362240240126,0.0018031282098713,0.005823301363016,0.424,0.6640618990081597,0.424,0.1382861221339577,0.0051628983492927,0.0018235685778135,0.0059608986126143,0.4229999999999999,0.4762454829299164,0.4229999999999999,8.0,0.6093769750543772,0.6871139625464064,0.3294637851329303,0.13198136350625103,0.17424054321871094,0.5663774774881472,0.11535705558035536,0.49487353012123847,0.20741565608727203,0.24349866918058738,0.09912290060517503,0.3278175492921501,2.4772634363990904,0.040977193661518765,0.17624970291754233,0.033650342225288066,0.25,0.5,0.7853981633974483,0.3300922114351266,1.3021004348137604,0.09646966468828813,0.04749086791409675,2.0313308416006643
38,24,1475,0.0904528698082529,0.9170501795055496,0.1358474011889988,0.0026799850607228,0.1358474011889988,0.137552933237923,0.0018950356099157,0.1321331313935639,0.1395616709844337,1.0,0,"[[0.6718584858860428, 0.9589083643280844], [0.7321500211060666, 0.3167128982971212], [0.7138850567103052, 0.5237895775893135], [0.24609033072977735, 0.5300474956008574], [0.33177093156569604, 0.937144960464732], [0.4959346877697336, 0.49847236565106806], [0.7481194619675096, 0.8883880244020438], [0.5284747354273684, 0.5894122707814503]]",0.0978878509390056,0.0223374678811604,0.0027441902745818,0.1192866346416114,0.653,0.0,0.653,0.1572959513837098,0.0145975663220435,0.0025712399302781,0.0574967634832533,0.628,0.7767801749381426,0.628,0.1309098510495698,0.0133398240829128,0.002618634780992,0.0665105409125633,0.632,0.4975376793849004,0.632,8.0,0.5585354638953124,0.6553594946393337,0.2685351268735904,0.10157665812081695,0.07247540086529529,0.3805568705064352,0.09658633985550995,0.4040381148053463,0.15862594002059885,0.17476097340925617,0.08467174570701505,0.24029490609281767,1.9633830288433867,0.03003686326160221,0.2402670400883536,0.04109163567191565,0.25,0.375,0.7853981633974483,0.48257367243686955,1.5905461262934937,0.057680622377534005,0.0365238711539044,1.5792581825316165
39,50,1565,0.094047102957472,0.9140374279103338,0.1367853605851287,1.726844626735205e-05,0.1367853605851287,0.1367963501570393,1.2210635456200158e-05,0.1367614277396346,0.1368092934306229,1.0,0,"[[0.23998192672695232, 0.7106052856304749], [0.4043221133637562, 0.42387917323686836], [0.9241453844406304, 0.2089597227776753], [0.9647812078361615, 0.7555857149361488], [0.9367769769429967, 0.3222830926871788], [0.3826259456417327, 0.79171113145044], [0.5883313776562522, 0.4683792087674485], [0.595552475036573, 0.37576160292239996]]",0.0898368493578796,0.0152465548829117,0.00246428966862,0.0890863322018977,0.625,0.0,0.625,0.162212400875113,0.0163507697244477,0.0025588056275045,0.0717729604812405,0.603,0.7377266635473934,0.603,0.1328797912324093,0.0129415041681116,0.0025829638554644,0.0648753946111534,0.6080000000000001,0.4879349597341312,0.6080000000000001,8.0,0.6295646759556319,0.5071456165510794,0.3054597814066784,0.13523558050304055,0.05659522295293471,0.4395117238919497,0.09289868222878538,0.46265837562656514,0.20253396078339866,0.17069346312762518,0.10511883792722547,0.28138117514555805,2.188580856918636,0.035172646893194756,0.22678994558582846,0.0352187921638385,0.375,0.375,0.7853981633974483,0.4494008284926121,1.64771723235543,0.09490333872886347,0.03263305017514809,2.9081970033293953
40,13,2960,0.0877252428890234,0.9193498142453482,0.1386335510549028,0.0182779729318251,0.1386335510549028,0.1502655818006967,0.0129244786064377,0.1133015729862848,0.1639655291235207,1.0,0,"[[0.6447609001532222, 0.8349083530640584], [0.4093980204375493, 0.45303509485727095], [0.7928617859212564, 0.8556211949033236], [0.47048995565901, 0.601513556230811], [0.6028002015079751, 0.29876828272708483], [0.49186082010938037, 0.11047086202065672], [0.9605646365352903, 0.8280617819680516], [0.8089709697768327, 0.2831126156291259]]",0.1020446090361919,0.0171344130808838,0.0023831141015774,0.0974470771659807,0.5660000000000001,0.0,0.5660000000000001,0.1594543162681596,0.0114734735734629,0.0024260781527594,0.0460148990564945,0.558,0.7418678344315297,0.558,0.1335809626471,0.0099607328401105,0.0024018723056322,0.0476750843971398,0.552,0.4759610754990835,0.552,8.0,0.6477134112625645,0.5331864676750478,0.3141742506285303,0.08591014110060687,0.18993879078948614,0.4505313678678992,0.14954228225600527,0.4534287787639858,0.19205378404089965,0.1777781328432196,0.026437737813881687,0.25387689162393057,2.0503799235679527,0.03173461145299132,0.21963230683437185,0.03943536346470966,0.125,0.375,0.7853981633974483,0.47305799245168895,1.7538850995710105,0.09562256605643918,0.025618590631474834,3.7325459246363817
41,30,1584,0.0918100670876003,0.9159102211499996,0.1390028519505273,0.0003503229622702,0.1390028519505273,0.1392257961185313,0.0002477157422266,0.1385173290957631,0.1394883748052916,1.0,0,"[[0.38585770332887326, 0.6940557801099249], [0.9433870908070368, 0.7339300290330256], [0.9278436887984955, 0.2559962321961875], [0.7183140617888305, 0.8898666321621718], [0.5819050963137239, 0.5481919135249651], [0.6458921686686119, 0.3829622143813926], [0.7117862027281558, 0.5822022434366962], [0.4460081305765945, 0.6062382153869252]]",0.1180863432367785,0.0256959578888645,0.0027583998921615,0.1625772072892985,0.615,0.0,0.615,0.1508625191051213,0.0130189912197751,0.0027094239235511,0.056263246569369,0.6080000000000001,0.6932499908541178,0.6080000000000001,0.1362000263550882,0.0168772471075097,0.002804335383327,0.0919700015910879,0.607,0.4206426467938251,0.607,8.0,0.6701242678762903,0.5866804075289112,0.23859971777130187,0.11564354763169597,0.04190191844340651,0.41925090785347185,0.10644246601785225,0.37087443509092893,0.15213582307648552,0.18943002833737346,0.07794399043722627,0.2102885837006187,1.8531747151437314,0.026286072962577338,0.24987814062811925,0.056612909192963246,0.25,0.375,0.7853981633974483,0.3161621111822773,1.367262318135226,0.04834959533633705,0.031996982297250634,1.5110673527638114
42,8,2540,0.0851310931739203,0.9215476418384448,0.1401596254078286,0.0065132160139134,0.1401596254078286,0.1443046106975225,0.004605539210771,0.1311327685547174,0.1491864822609398,1.0,0,"[[0.23945856581683025, 0.2601496685188726], [0.9127868417058, 0.2822636125362518], [0.8242686205023834, 0.9562849946124763], [0.9343941994461222, 0.6437756418626844], [0.3925647375478057, 0.9614253986267984], [0.2808708640919715, 0.8890012189426167], [0.4546459098454303, 0.560829848527109], [0.7899221969513105, 0.4485227790653434]]",0.0874598268416288,0.0077300898289554,0.0018517290720663,0.0049376213953297,0.45,0.0,0.45,0.1630898067540058,0.0080089119030288,0.0018939398148778,0.0048908245581156,0.422,0.7131854903020812,0.422,0.146999061281674,0.0100109371300529,0.0019111018238464,0.0051500754434561,0.421,0.5409911694011339,0.421,8.0,0.6036139919884568,0.6252816453365192,0.367425104539303,0.10649229518622383,0.1623130420186036,0.5156845304107942,0.1331194319793115,0.5426699467421007,0.2000122726221854,0.2471590253107337,0.08855744437047115,0.4365647310269792,2.562261421750431,0.0545705913783724,0.15435173337557462,0.03857460137320157,0.5,0.625,0.7853981633974483,0.4557460973807448,1.5176091925278161,0.09413965552129129,0.07310813462699164,1.287676891246173
43,3,1885,0.0835580420803253,0.9228854949755142,0.1415345254515815,0.0077129868374668,0.1415345254515815,0.1464430402179593,0.0054539052959753,0.1308448710714697,0.1522241798316932,1.0,0,"[[0.6094884324782669, 0.8334432325126456], [0.6780281442603794, 0.2697742334130211], [0.46300775042764397, 0.36684797703016153], [0.8400734194261396, 0.9155456350045637], [0.8549546824715568, 0.8155065047820524], [0.39854171009284683, 0.24093346864345164], [0.9479620015095752, 0.13808441497730736], [0.49211844795134235, 0.6198650443589258]]",0.1054178203874463,0.0194649291863037,0.0025224864684695,0.1146953408453655,0.585,0.0,0.585,0.1655480911773461,0.0132165209725143,0.0025264857162123,0.0774091419820046,0.5720000000000001,0.7217791414511328,0.5720000000000001,0.1296240990641874,0.0093526851436197,0.0024659312534992,0.0463044452574175,0.5700000000000001,0.4702405717233331,0.5700000000000001,8.0,0.6605218235772189,0.5250000638402661,0.3328272645681369,0.09151166117110675,0.19328492297899427,0.4820016340478827,0.10113990095656342,0.4797136730085049,0.20546028403982855,0.18860798800676815,0.0711878940264691,0.28031356151507414,2.222664829614987,0.03503919518938427,0.21322313540367088,0.052037998490424786,0.25,0.375,0.7853981633974483,0.538957888591879,1.9128340579360152,0.09716303931172837,0.03900652888279051,2.4909429804351606
44,38,160,0.0928483773867297,0.9150400189926136,0.1416538451841318,0.0107797952120082,0.1416538451841318,0.1485140648489238,0.0076224662942133,0.1267138112474736,0.1565938791207899,1.0,0,"[[0.7221288247283233, 0.9022290669486491], [0.3486546211731363, 0.35625716354063147], [0.42710901250295846, 0.401784724637162], [0.9084208810034882, 0.8736507290784365], [0.9767027592368063, 0.06531941528310468], [0.9472125350789419, 0.6132056632646007], [0.6581969546845313, 0.5775032781882391], [0.42605128534663306, 0.6707838570439176]]",0.1046322187937871,0.0198402825885249,0.0025809356571587,0.1070136387631698,0.5760000000000001,0.0,0.5760000000000001,0.163411932345182,0.0110424238332937,0.0024414336169439,0.0451895696570904,0.5640000000000001,0.794859707230727,0.5640000000000001,0.135159297252376,0.0105609563992841,0.0024970739277431,0.0490357373191048,0.5619999999999999,0.4999614567696668,0.5619999999999999,8.0,0.6768096092193523,0.5575917372480926,0.32170360241656093,0.1441272572007194,0.02725619877099007,0.5764268734195102,0.0907074987987829,0.4907259466375945,0.20790461490527568,0.23384081551522956,0.13491552128653314,0.344486366963282,2.3923450953190484,0.04306079587041025,0.2108616614767455,0.023297240763193727,0.5,0.5,0.7853981633974483,0.45828512838628427,1.5600922110468183,0.07894055639093278,0.06307758541020435,1.251483484625621
45,17,2296,0.0894695747950115,0.9178778583038028,0.1417335349784125,0.0137626325647036,0.1417335349784125,0.1504920207105452,0.0097316508134807,0.1226594993839901,0.1608075705728348,1.0,0,"[[0.6440068416709215, 0.20378003209300943], [0.922225732373827, 0.36041038834505107], [0.8386637499358588, 0.9257131355796966], [0.36896405953396366, 0.83410384265047], [0.5206369640347593, 0.531870931288779], [0.5565727295639286, 0.6947359055183624], [0.35840805249298446, 0.5663587643434099], [0.9482941647237343, 0.6027156200813841]]",0.091355382041613,0.0169483735875506,0.0021680487758702,0.0825953797573841,0.607,0.0,0.607,0.1609110471519174,0.0141723807813751,0.0021546737675225,0.0594749898143902,0.5880000000000001,0.7489097885598157,0.5880000000000001,0.1524321220937421,0.0190812916147395,0.0022328088001245,0.107912382680616,0.5940000000000001,0.5057182606292451,0.5940000000000001,8.0,0.6447215367912471,0.5899610774875204,0.2959282198198892,0.09785968444881722,0.13692325151153653,0.387740927105409,0.16585424434976967,0.44259307946041077,0.16176704066355316,0.23499778175534894,0.06396115504373677,0.3034523677799126,2.1121324783694675,0.03793154597248907,0.21315554655639057,0.05170583527626571,0.375,0.375,0.7853981633974483,0.34722975832788644,1.2232437414253106,0.06366210488785819,0.04736649982778837,1.3440322827170295
46,47,3304,0.0937085027087278,0.9143204039498228,0.1418704536459607,0.0102465264795614,0.1418704536459607,0.1483913031675356,0.0072453883573054,0.1276694924656421,0.1560714148262793,1.0,0,"[[0.640500302805217, 0.330833774288787], [0.7340845100883326, 0.3314036508658589], [0.2745495257837171, 0.7430403478847056], [0.18946255751960517, 0.5314128018883009], [0.5934534143697031, 0.7829331149593387], [0.7180486461452196, 0.6178608765218238], [0.5893204005763126, 0.5614743781712737], [0.8006306614789502, 0.5296353714153478]]",0.1094668716877621,0.0242235019342499,0.0033861177707541,0.1535543193911654,0.65,0.0,0.65,0.1502613481561061,0.0204000700271615,0.0033512981340581,0.1218710434108361,0.644,0.511200036206326,0.644,0.1510682675744362,0.0242732218475943,0.0033993339558204,0.1362573533872119,0.638,0.4496811172685523,0.638,8.0,0.5675062523458823,0.5535742894994296,0.2364655590306975,0.1033101664658514,0.023200613441074963,0.3786927075229223,0.09358594238518013,0.3576921290081871,0.1557551207897319,0.1540497795464038,0.05413902645822485,0.17941650117143226,1.6730312263241627,0.022427062646429033,0.2690298313344416,0.18946255751960517,0.0,0.0,0.7853981633974483,0.5179463271264679,1.8289218986185283,0.05468087259082345,0.02142078581249333,2.552701524093094
47,11,4852,0.0872952681336127,0.9197133743776346,0.1428561770171237,0.0181765977160921,0.1428561770171237,0.1544236929706775,0.0128527955039486,0.1176646978293844,0.1680476562048631,1.0,0,"[[0.4652502257601509, 0.4817705471831559], [0.6227446748350446, 0.07453097498937587], [0.9246148707405881, 0.600080970015066], [0.31863413706521576, 0.9451528122609839], [0.08299560351972166, 0.6752316188397801], [0.5364692712896804, 0.5499505421641346], [0.6453345452743212, 0.9633400529600802], [0.7987890267344256, 0.7883960427585691]]",0.0903105545130114,0.0089122924452753,0.0020828773664823,0.034166743042125,0.493,0.0,0.493,0.1721385098049256,0.0057863185924223,0.0020062079985728,0.0248882107631449,0.491,0.8571820320939212,0.491,0.1368371339456323,0.0074396604421663,0.0019899392602069,0.0254722217847137,0.4879999999999999,0.4904762021124339,0.4879999999999999,8.0,0.5493540444023935,0.6348066951463932,0.33654926501847593,0.14347610752334922,0.08582880680234677,0.5650620029985792,0.09859342859310391,0.5155907870421056,0.20027688036229227,0.25062602196493916,0.11167625158993494,0.4202597758851533,2.5583516161764766,0.05253247198564416,0.1801161874261295,0.036659947039919816,0.625,0.625,0.7853981633974483,0.3429409121575894,1.3482729194538052,0.08686751372565711,0.06610483051951778,1.3140872314922438
48,43,1019,0.0935079512942799,0.914488092031152,0.1487833892112727,0.0136673018980311,0.1487833892112727,0.1574812068786321,0.0096642418526216,0.1298414751801343,0.167725303242411,1.0,0,"[[0.47008551925035574, 0.16619999057159615], [0.8603445388603996, 0.318625791501879], [0.7268841769780712, 0.40183161034797116], [0.8801478355674476, 0.47455165381228076], [0.4139830784167814, 0.05810941814758927], [0.9629488257748483, 0.4560309729978892], [0.2689680579117954, 0.13052101073857073], [0.761562006193114, 0.7406090663573238]]",0.1419354211538107,0.0282342028335984,0.0027962172251127,0.1887667662623048,0.516,0.0,0.516,0.1420501470596237,0.0160903332038911,0.0028168594145053,0.0872906914368888,0.506,0.3452228968680612,0.506,0.1555739943158282,0.0153401343184368,0.0029399475056235,0.0865778271287253,0.5149999999999999,0.49947585733914,0.5149999999999999,8.0,0.6681155048691017,0.34330993930938747,0.29373677842690904,0.1138460588844517,0.08293698091080828,0.45232489709814977,0.08484703646654161,0.4227341573873315,0.2193973392312998,0.14763612160938883,0.06149249708885812,0.19755175351788556,1.9831557098560395,0.024693969189735696,0.14536787951048444,0.037051174225151695,0.25,0.625,0.7853981633974483,0.8471100653111714,2.291584306413036,0.09859375500557485,0.014825925136300717,6.650091248887516
49,39,4087,0.0931474871555352,0.9147896434378556,0.1553595387488642,0.0248939683828481,0.1553595387488642,0.1712019632176041,0.0176026938541554,0.1208582587947196,0.1898608187030089,1.0,0,"[[0.46682465418140767, 0.9023380977692886], [0.9384883984312304, 0.23124279502100323], [0.5362386163660633, 0.2800860190527273], [0.44327241969814923, 0.2789350587120548], [0.612524261674123, 0.8898546247684574], [0.6743611155458556, 0.33274933795114686], [0.9267503678321164, 0.7140196816097583], [0.935746357182498, 0.8648911971943112]]",0.1211278571775733,0.0259189892742247,0.0024678672013673,0.1128810400139074,0.496,0.0,0.496,0.1633278836250375,0.0210186811227587,0.0023634746303776,0.0734569187341585,0.472,0.526324014995486,0.472,0.168491207096423,0.0214521379300837,0.0023501334907615,0.0905374573354254,0.483,0.5412650782725767,0.483,8.0,0.6917757738639304,0.5617646015098434,0.3443961063348339,0.06082140338955885,0.22967642732155719,0.41244609791526926,0.09297332107977577,0.4895576222029141,0.19973556822641989,0.15143436177197617,0.05500216898423219,0.303435606207204,2.2254238561736255,0.0379294507759005,0.16143526452941695,0.06151160156876956,0.5,0.625,0.7853981633974483,0.5597090763565203,1.8369827901348894,0.09503272695291282,0.04474775438293822,2.1237429288551666
50,28,4836,0.0913299764730896,0.9163131422741216,0.1554427869986776,0.014176430935958,0.1554427869986776,0.1644646124017324,0.0100242504478386,0.1357952561209138,0.1750903178764414,1.0,0,"[[0.4207932485629431, 0.5691898939564497], [0.6383807494708995, 0.7635863255887979], [0.7270689340244336, 0.7666768392198817], [0.7394401182067141, 0.6665906271148256], [0.7266575554823591, 0.4658166610089457], [0.7926578476846922, 0.05539690364520386], [0.7513237745174188, 0.29652404239404795], [0.3229569252334606, 0.18206271924157913]]",0.1211455956577241,0.0265747232433148,0.0027449108971228,0.1584565673274415,0.589,0.0,0.589,0.1751962239005411,0.0233120387904998,0.0028247813182403,0.1523383480257078,0.5779999999999998,0.5570430203710384,0.5779999999999998,0.1502331045359042,0.0186038315241391,0.0025887425438169,0.1069481618255802,0.579,0.4662693180236754,0.579,8.0,0.6399098941478651,0.4707305015212164,0.27827555720393166,0.1103153339954487,0.08688672266568749,0.44253128119300444,0.08874201571919381,0.4127376568700318,0.18564233070112757,0.19452660889991324,0.10377685902363025,0.2219151257077534,1.9806529817800373,0.027739390713469175,0.23882103230431928,0.05539690364520386,0.125,0.125,0.7853981633974483,0.4361165533506833,1.1844872450108377,0.07298477530131182,0.029422948872043653,2.4805391063524103
